ID,ID_Capteur,Temperature,Date/Heure,nom,piece,emplacement
2,2,5.95,2022-06-23 10:09:46.571434+00:00,Chambre,chambre1,Sous le lit
3,1,23.13,2022-06-23 10:09:51.557603+00:00,Salon,sejour,Canapé
4,2,9.49,2022-06-23 10:09:51.580019+00:00,Chambre,chambre1,Sous le lit
5,1,14.75,2022-06-23 10:09:56.562270+00:00,Salon,sejour,Canapé
6,2,17.68,2022-06-23 10:09:56.584787+00:00,Chambre,chambre1,Sous le lit
7,1,0.36,2022-06-23 10:10:01.571594+00:00,Salon,sejour,Canapé
8,2,11.43,2022-06-23 10:10:01.588438+00:00,Chambre,chambre1,Sous le lit
9,1,8.42,2022-06-23 10:10:06.575464+00:00,Salon,sejour,Canapé
10,2,23.47,2022-06-23 10:10:06.600377+00:00,Chambre,chambre1,Sous le lit
11,1,19.91,2022-06-23 10:10:11.581804+00:00,Salon,sejour,Canapé
12,2,26.23,2022-06-23 10:10:11.606752+00:00,Chambre,chambre1,Sous le lit
13,1,21.79,2022-06-23 10:10:16.595602+00:00,Salon,sejour,Canapé
14,2,9.51,2022-06-23 10:10:16.613107+00:00,Chambre,chambre1,Sous le lit
15,1,5.15,2022-06-23 10:10:47.334114+00:00,Salon,sejour,Canapé
16,2,1.13,2022-06-23 10:10:47.362967+00:00,Chambre,chambre1,Sous le lit
17,1,11.68,2022-06-23 10:10:47.383871+00:00,Salon,sejour,Canapé
18,2,18.52,2022-06-23 10:10:47.399339+00:00,Chambre,chambre1,Sous le lit
19,1,3.76,2022-06-23 10:10:47.415115+00:00,Salon,sejour,Canapé
20,2,4.08,2022-06-23 10:10:47.423521+00:00,Chambre,chambre1,Sous le lit
21,1,25.97,2022-06-23 10:10:47.437294+00:00,Salon,sejour,Canapé
22,2,0.26,2022-06-23 10:10:47.457120+00:00,Chambre,chambre1,Sous le lit
23,1,9.98,2022-06-23 10:10:47.477028+00:00,Salon,sejour,Canapé
24,2,12.87,2022-06-23 10:10:47.494583+00:00,Chambre,chambre1,Sous le lit
25,1,7.14,2022-06-23 10:10:47.523863+00:00,Salon,sejour,Canapé
26,2,1.24,2022-06-23 10:10:47.536808+00:00,Chambre,chambre1,Sous le lit
27,1,12.06,2022-06-23 10:10:51.632795+00:00,Salon,sejour,Canapé
28,2,2.13,2022-06-23 10:10:51.650486+00:00,Chambre,chambre1,Sous le lit
29,1,21.56,2022-06-23 10:10:56.641159+00:00,Salon,sejour,Canapé
30,2,23.72,2022-06-23 10:10:56.665891+00:00,Chambre,chambre1,Sous le lit
31,1,13.37,2022-06-23 10:11:01.653570+00:00,Salon,sejour,Canapé
32,2,29.35,2022-06-23 10:11:01.687059+00:00,Chambre,chambre1,Sous le lit
33,1,19.87,2022-06-23 10:11:06.652312+00:00,Salon,sejour,Canapé
34,2,8.62,2022-06-23 10:11:06.670371+00:00,Chambre,chambre1,Sous le lit
35,1,7.6,2022-06-23 10:11:11.662187+00:00,Salon,sejour,Canapé
36,2,1.6800000000000002,2022-06-23 10:11:11.695980+00:00,Chambre,chambre1,Sous le lit
37,1,16.36,2022-06-23 10:37:28.685930+00:00,Salon,sejour,Canapé
38,2,11.52,2022-06-23 10:37:28.713192+00:00,Chambre,chambre1,Sous le lit
39,1,5.35,2022-06-23 10:37:33.810967+00:00,Salon,sejour,Canapé
40,2,19.33,2022-06-23 10:37:33.836757+00:00,Chambre,chambre1,Sous le lit
41,1,26.1,2022-06-23 10:37:38.695323+00:00,Salon,sejour,Canapé
42,2,15.01,2022-06-23 10:37:38.720844+00:00,Chambre,chambre1,Sous le lit
43,1,15.68,2022-06-23 10:37:43.710114+00:00,Salon,sejour,Canapé
44,2,19.5,2022-06-23 10:37:43.733461+00:00,Chambre,chambre1,Sous le lit
45,1,1.0,2022-06-23 10:37:48.714623+00:00,Salon,sejour,Canapé
46,2,16.55,2022-06-23 10:37:48.741285+00:00,Chambre,chambre1,Sous le lit
47,1,25.93,2022-06-23 10:37:53.716382+00:00,Salon,sejour,Canapé
48,2,5.55,2022-06-23 10:37:53.745252+00:00,Chambre,chambre1,Sous le lit
49,1,11.88,2022-06-23 10:37:58.723878+00:00,Salon,sejour,Canapé
50,2,7.39,2022-06-23 10:37:58.744761+00:00,Chambre,chambre1,Sous le lit
51,1,19.83,2022-06-23 10:38:03.728966+00:00,Salon,sejour,Canapé
52,2,27.39,2022-06-23 10:38:03.752168+00:00,Chambre,chambre1,Sous le lit
53,1,20.34,2022-06-23 10:38:08.734250+00:00,Salon,sejour,Canapé
54,2,5.16,2022-06-23 10:38:08.758939+00:00,Chambre,chambre1,Sous le lit
55,1,11.08,2022-06-23 10:38:13.742410+00:00,Salon,sejour,Canapé
56,2,22.24,2022-06-23 10:38:13.762710+00:00,Chambre,chambre1,Sous le lit
57,1,10.9,2022-06-23 10:38:18.753662+00:00,Salon,sejour,Canapé
58,2,24.98,2022-06-23 10:38:18.776391+00:00,Chambre,chambre1,Sous le lit
59,1,10.89,2022-06-23 10:38:23.753175+00:00,Salon,sejour,Canapé
60,2,18.7,2022-06-23 10:38:23.777338+00:00,Chambre,chambre1,Sous le lit
61,1,24.23,2022-06-23 10:38:28.767603+00:00,Salon,sejour,Canapé
62,2,11.6,2022-06-23 10:38:28.784786+00:00,Chambre,chambre1,Sous le lit
63,1,21.59,2022-06-23 10:38:33.808368+00:00,Salon,sejour,Canapé
64,2,14.49,2022-06-23 10:38:33.833620+00:00,Chambre,chambre1,Sous le lit
65,1,4.5,2022-06-23 10:38:38.771477+00:00,Salon,sejour,Canapé
66,2,22.68,2022-06-23 10:38:38.792089+00:00,Chambre,chambre1,Sous le lit
67,1,11.72,2022-06-23 10:38:43.787012+00:00,Salon,sejour,Canapé
68,2,17.28,2022-06-23 10:38:43.812471+00:00,Chambre,chambre1,Sous le lit
69,1,0.81,2022-06-23 10:38:48.796632+00:00,Salon,sejour,Canapé
70,2,12.99,2022-06-23 10:38:48.818371+00:00,Chambre,chambre1,Sous le lit
71,1,17.56,2022-06-23 10:38:53.800627+00:00,Salon,sejour,Canapé
72,2,14.29,2022-06-23 10:38:53.824494+00:00,Chambre,chambre1,Sous le lit
73,1,6.43,2022-06-23 10:38:58.811571+00:00,Salon,sejour,Canapé
74,2,8.61,2022-06-23 10:38:58.835662+00:00,Chambre,chambre1,Sous le lit
75,1,12.46,2022-06-23 10:39:03.815841+00:00,Salon,sejour,Canapé
76,2,11.27,2022-06-23 10:39:03.842595+00:00,Chambre,chambre1,Sous le lit
77,1,27.9,2022-06-23 10:39:08.822726+00:00,Salon,sejour,Canapé
78,2,15.42,2022-06-23 10:39:08.847428+00:00,Chambre,chambre1,Sous le lit
79,1,5.8100000000000005,2022-06-23 10:39:13.831252+00:00,Salon,sejour,Canapé
80,2,20.56,2022-06-23 10:39:13.855821+00:00,Chambre,chambre1,Sous le lit
81,1,17.83,2022-06-23 10:39:18.839063+00:00,Salon,sejour,Canapé
82,2,10.0,2022-06-23 10:39:18.863334+00:00,Chambre,chambre1,Sous le lit
83,1,13.37,2022-06-23 10:39:23.834008+00:00,Salon,sejour,Canapé
84,2,13.74,2022-06-23 10:39:23.857634+00:00,Chambre,chambre1,Sous le lit
85,1,0.94,2022-06-23 10:39:28.856319+00:00,Salon,sejour,Canapé
86,2,1.71,2022-06-23 10:39:28.881245+00:00,Chambre,chambre1,Sous le lit
87,1,22.03,2022-06-23 10:39:33.982808+00:00,Salon,sejour,Canapé
88,2,19.92,2022-06-23 10:39:34.007964+00:00,Chambre,chambre1,Sous le lit
89,1,28.72,2022-06-23 10:39:38.859947+00:00,Salon,sejour,Canapé
90,2,18.75,2022-06-23 10:39:38.881823+00:00,Chambre,chambre1,Sous le lit
91,1,4.28,2022-06-23 10:39:43.872837+00:00,Salon,sejour,Canapé
92,2,23.75,2022-06-23 10:39:43.927264+00:00,Chambre,chambre1,Sous le lit
93,1,16.18,2022-06-23 10:39:48.876784+00:00,Salon,sejour,Canapé
94,2,12.2,2022-06-23 10:39:48.901150+00:00,Chambre,chambre1,Sous le lit
95,1,28.76,2022-06-23 10:39:53.881777+00:00,Salon,sejour,Canapé
96,2,5.53,2022-06-23 10:39:53.911034+00:00,Chambre,chambre1,Sous le lit
97,1,1.8399999999999999,2022-06-23 10:39:58.892233+00:00,Salon,sejour,Canapé
98,2,18.21,2022-06-23 10:39:58.917743+00:00,Chambre,chambre1,Sous le lit
99,1,18.65,2022-06-23 10:40:03.896081+00:00,Salon,sejour,Canapé
100,2,12.79,2022-06-23 10:40:03.920343+00:00,Chambre,chambre1,Sous le lit
101,1,6.49,2022-06-23 10:40:09.211320+00:00,Salon,sejour,Canapé
102,2,20.23,2022-06-23 10:40:09.233680+00:00,Chambre,chambre1,Sous le lit
103,1,11.9,2022-06-23 10:40:13.916256+00:00,Salon,sejour,Canapé
104,2,14.96,2022-06-23 10:40:13.938674+00:00,Chambre,chambre1,Sous le lit
105,1,25.21,2022-06-23 10:40:18.920365+00:00,Salon,sejour,Canapé
106,2,21.15,2022-06-23 10:40:18.944903+00:00,Chambre,chambre1,Sous le lit
107,1,29.14,2022-06-23 10:40:23.917985+00:00,Salon,sejour,Canapé
108,2,18.26,2022-06-23 10:40:23.934516+00:00,Chambre,chambre1,Sous le lit
109,1,22.41,2022-06-23 10:40:28.932960+00:00,Salon,sejour,Canapé
110,2,28.91,2022-06-23 10:40:28.957889+00:00,Chambre,chambre1,Sous le lit
111,1,0.93,2022-06-23 10:40:33.980509+00:00,Salon,sejour,Canapé
112,2,13.94,2022-06-23 10:40:34.004318+00:00,Chambre,chambre1,Sous le lit
113,1,23.0,2022-06-23 12:05:06.110430+00:00,Salon,sejour,Canapé
114,2,2.11,2022-06-23 12:05:06.141654+00:00,Chambre,chambre1,Sous le lit
115,1,19.78,2022-06-23 12:05:11.119012+00:00,Salon,sejour,Canapé
116,2,19.0,2022-06-23 12:05:11.139483+00:00,Chambre,chambre1,Sous le lit
117,1,19.95,2022-06-23 12:05:16.124020+00:00,Salon,sejour,Canapé
118,2,26.08,2022-06-23 12:05:16.139834+00:00,Chambre,chambre1,Sous le lit
119,1,7.45,2022-06-23 12:05:21.126718+00:00,Salon,sejour,Canapé
120,2,10.68,2022-06-23 12:05:21.142005+00:00,Chambre,chambre1,Sous le lit
121,1,7.26,2022-06-23 12:05:26.135736+00:00,Salon,sejour,Canapé
122,2,27.0,2022-06-23 12:05:26.158060+00:00,Chambre,chambre1,Sous le lit
123,1,18.68,2022-06-23 12:05:31.150997+00:00,Salon,sejour,Canapé
124,2,23.43,2022-06-23 12:05:31.176909+00:00,Chambre,chambre1,Sous le lit
125,1,17.45,2022-06-23 12:05:36.151066+00:00,Salon,sejour,Canapé
126,2,26.94,2022-06-23 12:05:36.186113+00:00,Chambre,chambre1,Sous le lit
127,1,27.93,2022-06-23 12:05:41.163540+00:00,Salon,sejour,Canapé
128,2,29.65,2022-06-23 12:05:41.188938+00:00,Chambre,chambre1,Sous le lit
129,1,9.52,2022-06-23 12:05:46.167939+00:00,Salon,sejour,Canapé
130,2,19.13,2022-06-23 12:05:46.196329+00:00,Chambre,chambre1,Sous le lit
131,1,12.8,2022-06-23 12:05:51.172990+00:00,Salon,sejour,Canapé
132,2,4.89,2022-06-23 12:05:51.239452+00:00,Chambre,chambre1,Sous le lit
133,1,15.88,2022-06-23 12:05:56.181353+00:00,Salon,sejour,Canapé
134,2,19.08,2022-06-23 12:05:56.207599+00:00,Chambre,chambre1,Sous le lit
135,1,28.82,2022-06-23 12:06:01.185097+00:00,Salon,sejour,Canapé
136,2,20.84,2022-06-23 12:06:01.205900+00:00,Chambre,chambre1,Sous le lit
137,1,7.8100000000000005,2022-06-23 12:06:06.200020+00:00,Salon,sejour,Canapé
138,2,15.14,2022-06-23 12:06:06.228528+00:00,Chambre,chambre1,Sous le lit
139,1,28.8,2022-06-23 12:06:11.195086+00:00,Salon,sejour,Canapé
140,2,20.0,2022-06-23 12:06:11.216186+00:00,Chambre,chambre1,Sous le lit
141,1,11.51,2022-06-23 12:06:16.207244+00:00,Salon,sejour,Canapé
142,2,4.45,2022-06-23 12:06:16.227765+00:00,Chambre,chambre1,Sous le lit
143,1,25.64,2022-06-23 12:06:21.224027+00:00,Salon,sejour,Canapé
144,2,20.92,2022-06-23 12:06:21.241280+00:00,Chambre,chambre1,Sous le lit
145,1,15.22,2022-06-23 12:06:26.217010+00:00,Salon,sejour,Canapé
146,2,19.71,2022-06-23 12:06:26.242718+00:00,Chambre,chambre1,Sous le lit
147,1,9.87,2022-06-23 12:06:31.223839+00:00,Salon,sejour,Canapé
148,2,13.57,2022-06-23 12:06:31.243887+00:00,Chambre,chambre1,Sous le lit
149,1,22.66,2022-06-23 12:06:36.233771+00:00,Salon,sejour,Canapé
150,2,9.73,2022-06-23 12:06:36.267071+00:00,Chambre,chambre1,Sous le lit
151,1,15.45,2022-06-23 12:06:41.242404+00:00,Salon,sejour,Canapé
152,2,21.73,2022-06-23 12:06:41.271639+00:00,Chambre,chambre1,Sous le lit
153,1,13.53,2022-06-23 12:06:46.253117+00:00,Salon,sejour,Canapé
154,2,18.56,2022-06-23 12:06:46.279403+00:00,Chambre,chambre1,Sous le lit
155,1,1.55,2022-06-23 12:06:51.258209+00:00,Salon,sejour,Canapé
156,2,27.68,2022-06-23 12:06:51.284850+00:00,Chambre,chambre1,Sous le lit
157,1,14.79,2022-06-23 12:06:56.273851+00:00,Salon,sejour,Canapé
158,2,9.91,2022-06-23 12:06:56.299515+00:00,Chambre,chambre1,Sous le lit
159,1,17.56,2022-06-23 12:07:01.271336+00:00,Salon,sejour,Canapé
160,2,4.33,2022-06-23 12:07:01.284499+00:00,Chambre,chambre1,Sous le lit
161,1,21.89,2022-06-23 12:07:06.290753+00:00,Salon,sejour,Canapé
162,2,11.15,2022-06-23 12:07:06.579425+00:00,Chambre,chambre1,Sous le lit
163,1,9.5,2022-06-23 12:07:11.280984+00:00,Salon,sejour,Canapé
164,2,16.24,2022-06-23 12:07:11.305585+00:00,Chambre,chambre1,Sous le lit
165,1,24.08,2022-06-23 12:07:16.289669+00:00,Salon,sejour,Canapé
166,2,26.16,2022-06-23 12:07:16.306399+00:00,Chambre,chambre1,Sous le lit
167,1,23.44,2022-06-23 12:07:21.295552+00:00,Salon,sejour,Canapé
168,2,14.55,2022-06-23 12:07:21.312207+00:00,Chambre,chambre1,Sous le lit
169,1,19.61,2022-06-23 12:07:26.306541+00:00,Salon,sejour,Canapé
170,2,23.28,2022-06-23 12:07:26.320947+00:00,Chambre,chambre1,Sous le lit
171,1,5.9,2022-06-23 12:07:31.312057+00:00,Salon,sejour,Canapé
172,2,2.7,2022-06-23 12:07:31.438284+00:00,Chambre,chambre1,Sous le lit
173,1,16.96,2022-06-23 12:07:36.316222+00:00,Salon,sejour,Canapé
174,2,11.75,2022-06-23 12:07:36.340218+00:00,Chambre,chambre1,Sous le lit
175,1,8.09,2022-06-23 12:07:41.326190+00:00,Salon,sejour,Canapé
176,2,13.34,2022-06-23 12:07:41.350675+00:00,Chambre,chambre1,Sous le lit
177,1,24.0,2022-06-23 12:07:46.335424+00:00,Salon,sejour,Canapé
178,2,18.17,2022-06-23 12:07:46.355446+00:00,Chambre,chambre1,Sous le lit
179,1,20.31,2022-06-23 12:07:51.340732+00:00,Salon,sejour,Canapé
180,2,2.43,2022-06-23 12:07:51.363413+00:00,Chambre,chambre1,Sous le lit
181,1,19.97,2022-06-23 12:07:56.374352+00:00,Salon,sejour,Canapé
182,2,6.88,2022-06-23 12:07:56.402849+00:00,Chambre,chambre1,Sous le lit
183,1,4.97,2022-06-23 12:08:01.360725+00:00,Salon,sejour,Canapé
184,2,5.58,2022-06-23 12:08:01.393935+00:00,Chambre,chambre1,Sous le lit
185,1,1.6800000000000002,2022-06-23 12:08:06.368883+00:00,Salon,sejour,Canapé
186,2,29.22,2022-06-23 12:08:06.397545+00:00,Chambre,chambre1,Sous le lit
187,1,26.09,2022-06-23 12:08:11.374762+00:00,Salon,sejour,Canapé
188,2,17.67,2022-06-23 12:08:11.394399+00:00,Chambre,chambre1,Sous le lit
189,1,3.52,2022-06-23 12:08:16.381332+00:00,Salon,sejour,Canapé
190,2,25.92,2022-06-23 12:08:16.407513+00:00,Chambre,chambre1,Sous le lit
191,1,20.5,2022-06-23 12:08:21.386932+00:00,Salon,sejour,Canapé
192,2,12.42,2022-06-23 12:08:21.405764+00:00,Chambre,chambre1,Sous le lit
193,1,25.62,2022-06-23 12:08:26.401240+00:00,Salon,sejour,Canapé
194,2,16.49,2022-06-23 12:08:26.432181+00:00,Chambre,chambre1,Sous le lit
195,1,7.11,2022-06-23 12:08:31.467067+00:00,Salon,sejour,Canapé
196,2,26.98,2022-06-23 12:08:31.490783+00:00,Chambre,chambre1,Sous le lit
197,1,12.89,2022-06-23 12:08:36.416134+00:00,Salon,sejour,Canapé
198,2,19.28,2022-06-23 12:08:36.454196+00:00,Chambre,chambre1,Sous le lit
199,1,16.69,2022-06-23 12:08:41.433422+00:00,Salon,sejour,Canapé
200,2,25.7,2022-06-23 12:08:41.463057+00:00,Chambre,chambre1,Sous le lit
201,1,2.05,2022-06-23 12:08:46.426493+00:00,Salon,sejour,Canapé
202,2,5.0,2022-06-23 12:08:46.456516+00:00,Chambre,chambre1,Sous le lit
203,1,5.91,2022-06-23 12:08:51.432945+00:00,Salon,sejour,Canapé
204,2,24.69,2022-06-23 12:08:51.498945+00:00,Chambre,chambre1,Sous le lit
205,1,3.5,2022-06-23 12:08:56.434743+00:00,Salon,sejour,Canapé
206,2,19.16,2022-06-23 12:08:56.450481+00:00,Chambre,chambre1,Sous le lit
207,1,4.95,2022-06-23 12:09:01.450679+00:00,Salon,sejour,Canapé
208,2,15.8,2022-06-23 12:09:01.476715+00:00,Chambre,chambre1,Sous le lit
209,1,21.54,2022-06-23 12:09:06.447552+00:00,Salon,sejour,Canapé
210,2,19.16,2022-06-23 12:09:06.467413+00:00,Chambre,chambre1,Sous le lit
211,1,15.18,2022-06-23 12:09:11.453454+00:00,Salon,sejour,Canapé
212,2,28.08,2022-06-23 12:09:11.473958+00:00,Chambre,chambre1,Sous le lit
213,1,10.13,2022-06-23 12:09:16.457155+00:00,Salon,sejour,Canapé
214,2,25.08,2022-06-23 12:09:16.477051+00:00,Chambre,chambre1,Sous le lit
215,1,5.7,2022-06-23 12:09:21.476943+00:00,Salon,sejour,Canapé
216,2,24.14,2022-06-23 12:09:21.515217+00:00,Chambre,chambre1,Sous le lit
217,1,1.51,2022-06-23 12:09:26.480845+00:00,Salon,sejour,Canapé
218,2,19.91,2022-06-23 12:09:26.517341+00:00,Chambre,chambre1,Sous le lit
219,1,9.65,2022-06-23 12:09:31.481336+00:00,Salon,sejour,Canapé
220,2,5.66,2022-06-23 12:09:31.573291+00:00,Chambre,chambre1,Sous le lit
221,1,28.98,2022-06-23 12:09:36.491446+00:00,Salon,sejour,Canapé
222,2,11.17,2022-06-23 12:09:36.519887+00:00,Chambre,chambre1,Sous le lit
223,1,26.0,2022-06-23 12:09:41.500778+00:00,Salon,sejour,Canapé
224,2,28.64,2022-06-23 12:09:41.524170+00:00,Chambre,chambre1,Sous le lit
225,1,20.77,2022-06-23 12:09:46.508141+00:00,Salon,sejour,Canapé
226,2,4.62,2022-06-23 12:09:46.533398+00:00,Chambre,chambre1,Sous le lit
227,1,13.31,2022-06-23 12:09:51.510069+00:00,Salon,sejour,Canapé
228,2,26.9,2022-06-23 12:09:51.528752+00:00,Chambre,chambre1,Sous le lit
229,1,20.61,2022-06-23 12:09:56.526940+00:00,Salon,sejour,Canapé
230,2,14.96,2022-06-23 12:09:56.547671+00:00,Chambre,chambre1,Sous le lit
231,1,11.58,2022-06-23 12:10:01.519546+00:00,Salon,sejour,Canapé
232,2,25.53,2022-06-23 12:10:01.539735+00:00,Chambre,chambre1,Sous le lit
233,1,10.03,2022-06-23 12:10:06.538901+00:00,Salon,sejour,Canapé
234,2,7.45,2022-06-23 12:10:06.551960+00:00,Chambre,chambre1,Sous le lit
235,1,14.19,2022-06-23 12:10:11.542260+00:00,Salon,sejour,Canapé
236,2,5.2,2022-06-23 12:10:11.568953+00:00,Chambre,chambre1,Sous le lit
237,1,10.59,2022-06-23 12:10:16.549078+00:00,Salon,sejour,Canapé
238,2,19.35,2022-06-23 12:10:16.573325+00:00,Chambre,chambre1,Sous le lit
239,1,16.96,2022-06-23 12:10:21.555733+00:00,Salon,sejour,Canapé
240,2,29.35,2022-06-23 12:10:21.594265+00:00,Chambre,chambre1,Sous le lit
241,1,3.22,2022-06-23 12:10:26.557735+00:00,Salon,sejour,Canapé
242,2,5.92,2022-06-23 12:10:26.582364+00:00,Chambre,chambre1,Sous le lit
243,1,23.3,2022-06-23 12:10:31.575114+00:00,Salon,sejour,Canapé
244,2,16.93,2022-06-23 12:10:31.608451+00:00,Chambre,chambre1,Sous le lit
245,1,8.37,2022-06-23 12:10:36.568663+00:00,Salon,sejour,Canapé
246,2,8.04,2022-06-23 12:10:36.585873+00:00,Chambre,chambre1,Sous le lit
247,1,9.09,2022-06-23 12:10:41.578191+00:00,Salon,sejour,Canapé
248,2,11.13,2022-06-23 12:10:41.597385+00:00,Chambre,chambre1,Sous le lit
249,1,3.43,2022-06-23 12:10:46.588073+00:00,Salon,sejour,Canapé
250,2,17.35,2022-06-23 12:10:46.615437+00:00,Chambre,chambre1,Sous le lit
251,1,27.31,2022-06-23 12:10:51.598860+00:00,Salon,sejour,Canapé
252,2,17.96,2022-06-23 12:10:51.636056+00:00,Chambre,chambre1,Sous le lit
253,1,4.8,2022-06-23 12:10:56.604074+00:00,Salon,sejour,Canapé
254,2,6.7,2022-06-23 12:10:56.641061+00:00,Chambre,chambre1,Sous le lit
255,1,19.99,2022-06-23 12:11:01.615854+00:00,Salon,sejour,Canapé
256,2,13.9,2022-06-23 12:11:01.634460+00:00,Chambre,chambre1,Sous le lit
257,1,28.56,2022-06-23 12:11:06.623147+00:00,Salon,sejour,Canapé
258,2,6.38,2022-06-23 12:11:06.647695+00:00,Chambre,chambre1,Sous le lit
259,1,1.46,2022-06-23 12:11:11.629252+00:00,Salon,sejour,Canapé
260,2,0.81,2022-06-23 12:11:11.650155+00:00,Chambre,chambre1,Sous le lit
261,1,12.03,2022-06-23 12:11:16.630841+00:00,Salon,sejour,Canapé
262,2,3.12,2022-06-23 12:11:16.655168+00:00,Chambre,chambre1,Sous le lit
263,1,24.92,2022-06-23 12:11:21.639569+00:00,Salon,sejour,Canapé
264,2,14.29,2022-06-23 12:11:21.658925+00:00,Chambre,chambre1,Sous le lit
265,1,28.19,2022-06-23 12:11:26.648235+00:00,Salon,sejour,Canapé
266,2,3.5300000000000002,2022-06-23 12:11:26.669250+00:00,Chambre,chambre1,Sous le lit
267,1,17.72,2022-06-23 12:11:31.709177+00:00,Salon,sejour,Canapé
268,2,0.71,2022-06-23 12:11:31.735588+00:00,Chambre,chambre1,Sous le lit
269,1,24.21,2022-06-23 12:11:36.654128+00:00,Salon,sejour,Canapé
270,2,16.18,2022-06-23 12:11:36.674313+00:00,Chambre,chambre1,Sous le lit
271,1,14.76,2022-06-23 12:11:41.671936+00:00,Salon,sejour,Canapé
272,2,26.8,2022-06-23 12:11:41.693519+00:00,Chambre,chambre1,Sous le lit
273,1,13.15,2022-06-23 12:11:46.678619+00:00,Salon,sejour,Canapé
274,2,27.79,2022-06-23 12:11:46.726647+00:00,Chambre,chambre1,Sous le lit
275,1,29.59,2022-06-23 12:11:51.688796+00:00,Salon,sejour,Canapé
276,2,4.65,2022-06-23 12:11:51.740702+00:00,Chambre,chambre1,Sous le lit
277,1,5.35,2022-06-23 12:11:56.690843+00:00,Salon,sejour,Canapé
278,2,16.0,2022-06-23 12:11:56.721081+00:00,Chambre,chambre1,Sous le lit
279,1,2.35,2022-06-23 12:12:01.714584+00:00,Salon,sejour,Canapé
280,2,20.67,2022-06-23 12:12:01.742020+00:00,Chambre,chambre1,Sous le lit
281,1,1.13,2022-06-23 12:12:06.698020+00:00,Salon,sejour,Canapé
282,2,7.01,2022-06-23 12:12:06.720524+00:00,Chambre,chambre1,Sous le lit
283,1,12.88,2022-06-23 12:12:11.712530+00:00,Salon,sejour,Canapé
284,2,5.99,2022-06-23 12:12:11.745905+00:00,Chambre,chambre1,Sous le lit
285,1,9.13,2022-06-23 12:12:16.720018+00:00,Salon,sejour,Canapé
286,2,6.29,2022-06-23 12:12:16.751262+00:00,Chambre,chambre1,Sous le lit
287,1,2.6,2022-06-23 12:12:21.725142+00:00,Salon,sejour,Canapé
288,2,7.19,2022-06-23 12:12:21.757631+00:00,Chambre,chambre1,Sous le lit
289,1,21.64,2022-06-23 12:12:26.730373+00:00,Salon,sejour,Canapé
290,2,15.54,2022-06-23 12:12:26.752779+00:00,Chambre,chambre1,Sous le lit
291,1,23.39,2022-06-23 12:12:31.740838+00:00,Salon,sejour,Canapé
292,2,13.72,2022-06-23 12:12:31.833741+00:00,Chambre,chambre1,Sous le lit
293,1,22.16,2022-06-23 12:12:36.740986+00:00,Salon,sejour,Canapé
294,2,24.0,2022-06-23 12:12:36.764623+00:00,Chambre,chambre1,Sous le lit
295,1,7.67,2022-06-23 12:12:41.757593+00:00,Salon,sejour,Canapé
296,2,25.06,2022-06-23 12:12:41.791803+00:00,Chambre,chambre1,Sous le lit
297,1,1.4,2022-06-23 12:12:46.763566+00:00,Salon,sejour,Canapé
298,2,29.62,2022-06-23 12:12:46.788591+00:00,Chambre,chambre1,Sous le lit
299,1,18.13,2022-06-23 12:12:51.769106+00:00,Salon,sejour,Canapé
300,2,3.1,2022-06-23 12:12:51.795119+00:00,Chambre,chambre1,Sous le lit
301,1,26.92,2022-06-23 12:12:56.776081+00:00,Salon,sejour,Canapé
302,2,10.39,2022-06-23 12:12:56.803418+00:00,Chambre,chambre1,Sous le lit
303,1,25.8,2022-06-23 12:13:01.780237+00:00,Salon,sejour,Canapé
304,2,27.96,2022-06-23 12:13:01.808899+00:00,Chambre,chambre1,Sous le lit
305,1,15.95,2022-06-23 12:13:06.787925+00:00,Salon,sejour,Canapé
306,2,22.95,2022-06-23 12:13:06.818333+00:00,Chambre,chambre1,Sous le lit
307,1,15.21,2022-06-23 12:13:11.805410+00:00,Salon,sejour,Canapé
308,2,11.68,2022-06-23 12:13:11.826019+00:00,Chambre,chambre1,Sous le lit
309,1,27.3,2022-06-23 12:13:16.810317+00:00,Salon,sejour,Canapé
310,2,10.61,2022-06-23 12:13:16.838543+00:00,Chambre,chambre1,Sous le lit
311,1,16.12,2022-06-23 12:13:21.818624+00:00,Salon,sejour,Canapé
312,2,26.09,2022-06-23 12:13:21.848088+00:00,Chambre,chambre1,Sous le lit
313,1,9.87,2022-06-23 12:13:26.818797+00:00,Salon,sejour,Canapé
314,2,28.8,2022-06-23 12:13:26.849721+00:00,Chambre,chambre1,Sous le lit
315,1,5.8100000000000005,2022-06-23 12:13:31.840748+00:00,Salon,sejour,Canapé
316,2,24.79,2022-06-23 12:13:31.875925+00:00,Chambre,chambre1,Sous le lit
317,1,2.92,2022-06-23 12:13:36.828476+00:00,Salon,sejour,Canapé
318,2,12.92,2022-06-23 12:13:36.859560+00:00,Chambre,chambre1,Sous le lit
319,1,4.58,2022-06-23 12:13:41.840140+00:00,Salon,sejour,Canapé
320,2,13.86,2022-06-23 12:13:41.859992+00:00,Chambre,chambre1,Sous le lit
321,1,15.88,2022-06-23 12:13:46.846008+00:00,Salon,sejour,Canapé
322,2,5.55,2022-06-23 12:13:46.875511+00:00,Chambre,chambre1,Sous le lit
323,1,18.75,2022-06-23 12:13:51.854464+00:00,Salon,sejour,Canapé
324,2,9.03,2022-06-23 12:13:51.890920+00:00,Chambre,chambre1,Sous le lit
325,1,15.65,2022-06-23 12:13:56.857614+00:00,Salon,sejour,Canapé
326,2,6.13,2022-06-23 12:13:56.876283+00:00,Chambre,chambre1,Sous le lit
327,1,12.28,2022-06-23 12:14:01.875838+00:00,Salon,sejour,Canapé
328,2,0.21,2022-06-23 12:14:01.894901+00:00,Chambre,chambre1,Sous le lit
329,1,6.71,2022-06-23 12:14:06.875117+00:00,Salon,sejour,Canapé
330,2,23.66,2022-06-23 12:14:06.910544+00:00,Chambre,chambre1,Sous le lit
331,1,5.98,2022-06-23 12:14:11.879230+00:00,Salon,sejour,Canapé
332,2,27.04,2022-06-23 12:14:11.907633+00:00,Chambre,chambre1,Sous le lit
333,1,13.79,2022-06-23 12:14:16.887118+00:00,Salon,sejour,Canapé
334,2,17.58,2022-06-23 12:14:16.908712+00:00,Chambre,chambre1,Sous le lit
335,1,22.56,2022-06-23 12:14:21.894465+00:00,Salon,sejour,Canapé
336,2,19.78,2022-06-23 12:14:21.922573+00:00,Chambre,chambre1,Sous le lit
337,1,24.27,2022-06-23 12:14:26.899422+00:00,Salon,sejour,Canapé
338,2,7.9,2022-06-23 12:14:26.923174+00:00,Chambre,chambre1,Sous le lit
339,1,3.62,2022-06-23 12:14:31.963502+00:00,Salon,sejour,Canapé
340,2,5.46,2022-06-23 12:14:31.988857+00:00,Chambre,chambre1,Sous le lit
341,1,8.67,2022-06-23 12:14:36.909454+00:00,Salon,sejour,Canapé
342,2,14.6,2022-06-23 12:14:36.927906+00:00,Chambre,chambre1,Sous le lit
343,1,22.35,2022-06-23 12:14:41.938377+00:00,Salon,sejour,Canapé
344,2,15.56,2022-06-23 12:14:41.996831+00:00,Chambre,chambre1,Sous le lit
345,1,8.49,2022-06-23 12:14:46.929362+00:00,Salon,sejour,Canapé
346,2,21.73,2022-06-23 12:14:46.947182+00:00,Chambre,chambre1,Sous le lit
347,1,3.21,2022-06-23 12:14:51.934562+00:00,Salon,sejour,Canapé
348,2,19.7,2022-06-23 12:14:51.996542+00:00,Chambre,chambre1,Sous le lit
349,1,17.66,2022-06-23 12:14:56.942857+00:00,Salon,sejour,Canapé
350,2,27.71,2022-06-23 12:14:56.968968+00:00,Chambre,chambre1,Sous le lit
351,1,7.59,2022-06-23 12:15:01.947715+00:00,Salon,sejour,Canapé
352,2,20.85,2022-06-23 12:15:01.967803+00:00,Chambre,chambre1,Sous le lit
353,1,16.66,2022-06-23 12:15:06.963982+00:00,Salon,sejour,Canapé
354,2,5.18,2022-06-23 12:15:06.991511+00:00,Chambre,chambre1,Sous le lit
355,1,23.81,2022-06-23 12:15:11.964669+00:00,Salon,sejour,Canapé
356,2,15.38,2022-06-23 12:15:11.986503+00:00,Chambre,chambre1,Sous le lit
357,1,28.71,2022-06-23 12:15:16.970372+00:00,Salon,sejour,Canapé
358,2,21.31,2022-06-23 12:15:16.991838+00:00,Chambre,chambre1,Sous le lit
359,1,6.43,2022-06-23 12:15:21.983017+00:00,Salon,sejour,Canapé
360,2,5.06,2022-06-23 12:15:21.997561+00:00,Chambre,chambre1,Sous le lit
361,1,19.19,2022-06-23 12:15:26.991597+00:00,Salon,sejour,Canapé
362,2,25.47,2022-06-23 12:15:27.027183+00:00,Chambre,chambre1,Sous le lit
363,1,22.53,2022-06-23 12:15:31.996260+00:00,Salon,sejour,Canapé
364,2,9.11,2022-06-23 12:15:32.094856+00:00,Chambre,chambre1,Sous le lit
365,1,27.66,2022-06-23 12:15:37.014571+00:00,Salon,sejour,Canapé
366,2,0.05,2022-06-23 12:15:37.041882+00:00,Chambre,chambre1,Sous le lit
367,1,20.35,2022-06-23 12:15:42.008600+00:00,Salon,sejour,Canapé
368,2,6.33,2022-06-23 12:15:42.040707+00:00,Chambre,chambre1,Sous le lit
369,1,28.91,2022-06-23 12:15:47.017625+00:00,Salon,sejour,Canapé
370,2,2.8,2022-06-23 12:15:47.048858+00:00,Chambre,chambre1,Sous le lit
371,1,6.23,2022-06-23 12:15:52.023562+00:00,Salon,sejour,Canapé
372,2,22.69,2022-06-23 12:15:52.052297+00:00,Chambre,chambre1,Sous le lit
373,1,27.98,2022-06-23 12:15:57.027843+00:00,Salon,sejour,Canapé
374,2,14.06,2022-06-23 12:15:57.049285+00:00,Chambre,chambre1,Sous le lit
375,1,20.61,2022-06-23 12:16:02.031837+00:00,Salon,sejour,Canapé
376,2,17.11,2022-06-23 12:16:02.052067+00:00,Chambre,chambre1,Sous le lit
377,1,17.5,2022-06-23 12:16:07.048732+00:00,Salon,sejour,Canapé
378,2,13.63,2022-06-23 12:16:07.083609+00:00,Chambre,chambre1,Sous le lit
379,1,27.71,2022-06-23 12:16:12.057331+00:00,Salon,sejour,Canapé
380,2,6.0,2022-06-23 12:16:12.088932+00:00,Chambre,chambre1,Sous le lit
381,1,29.02,2022-06-23 12:16:17.053886+00:00,Salon,sejour,Canapé
382,2,3.27,2022-06-23 12:16:17.083205+00:00,Chambre,chambre1,Sous le lit
383,1,5.95,2022-06-23 12:16:22.068807+00:00,Salon,sejour,Canapé
384,2,13.7,2022-06-23 12:16:22.092262+00:00,Chambre,chambre1,Sous le lit
385,1,6.66,2022-06-23 12:16:27.069794+00:00,Salon,sejour,Canapé
386,2,21.18,2022-06-23 12:16:27.092841+00:00,Chambre,chambre1,Sous le lit
387,1,6.35,2022-06-23 12:16:32.114248+00:00,Salon,sejour,Canapé
388,2,21.08,2022-06-23 12:16:32.134049+00:00,Chambre,chambre1,Sous le lit
389,1,13.65,2022-06-23 12:16:37.081360+00:00,Salon,sejour,Canapé
390,2,13.03,2022-06-23 12:16:37.100194+00:00,Chambre,chambre1,Sous le lit
391,1,6.5600000000000005,2022-06-23 12:16:42.091114+00:00,Salon,sejour,Canapé
392,2,10.13,2022-06-23 12:16:42.111031+00:00,Chambre,chambre1,Sous le lit
393,1,27.54,2022-06-23 12:16:47.101621+00:00,Salon,sejour,Canapé
394,2,0.14,2022-06-23 12:16:47.129909+00:00,Chambre,chambre1,Sous le lit
395,1,18.62,2022-06-23 12:16:52.104555+00:00,Salon,sejour,Canapé
396,2,11.21,2022-06-23 12:16:52.136384+00:00,Chambre,chambre1,Sous le lit
397,1,1.29,2022-06-23 12:16:57.116823+00:00,Salon,sejour,Canapé
398,2,21.93,2022-06-23 12:16:57.161556+00:00,Chambre,chambre1,Sous le lit
399,1,3.82,2022-06-23 12:17:02.120070+00:00,Salon,sejour,Canapé
400,2,19.18,2022-06-23 12:17:02.145065+00:00,Chambre,chambre1,Sous le lit
401,1,3.1,2022-06-23 12:17:07.118904+00:00,Salon,sejour,Canapé
402,2,20.3,2022-06-23 12:17:07.137449+00:00,Chambre,chambre1,Sous le lit
403,1,4.85,2022-06-23 12:17:12.141380+00:00,Salon,sejour,Canapé
404,2,6.74,2022-06-23 12:17:12.157218+00:00,Chambre,chambre1,Sous le lit
405,1,15.48,2022-06-23 12:17:17.139598+00:00,Salon,sejour,Canapé
406,2,24.98,2022-06-23 12:17:17.163721+00:00,Chambre,chambre1,Sous le lit
407,1,28.86,2022-06-23 12:17:22.156855+00:00,Salon,sejour,Canapé
408,2,23.48,2022-06-23 12:17:22.195612+00:00,Chambre,chambre1,Sous le lit
409,1,14.33,2022-06-23 12:17:27.153452+00:00,Salon,sejour,Canapé
410,2,8.63,2022-06-23 12:17:27.182688+00:00,Chambre,chambre1,Sous le lit
411,1,28.44,2022-06-23 12:17:32.236731+00:00,Salon,sejour,Canapé
412,2,6.33,2022-06-23 12:17:32.252114+00:00,Chambre,chambre1,Sous le lit
413,1,1.17,2022-06-23 12:17:37.165119+00:00,Salon,sejour,Canapé
414,2,21.94,2022-06-23 12:17:37.203767+00:00,Chambre,chambre1,Sous le lit
415,1,9.6,2022-06-23 12:17:42.183608+00:00,Salon,sejour,Canapé
416,2,26.62,2022-06-23 12:17:42.217630+00:00,Chambre,chambre1,Sous le lit
417,1,15.59,2022-06-23 12:17:47.182418+00:00,Salon,sejour,Canapé
418,2,3.61,2022-06-23 12:17:47.217217+00:00,Chambre,chambre1,Sous le lit
419,1,17.02,2022-06-23 12:17:52.187401+00:00,Salon,sejour,Canapé
420,2,25.11,2022-06-23 12:17:52.248866+00:00,Chambre,chambre1,Sous le lit
421,1,21.77,2022-06-23 12:17:57.191077+00:00,Salon,sejour,Canapé
422,2,5.71,2022-06-23 12:17:57.209190+00:00,Chambre,chambre1,Sous le lit
423,1,3.06,2022-06-23 12:18:02.194673+00:00,Salon,sejour,Canapé
424,2,2.86,2022-06-23 12:18:02.219125+00:00,Chambre,chambre1,Sous le lit
425,1,22.6,2022-06-23 12:18:07.203363+00:00,Salon,sejour,Canapé
426,2,17.23,2022-06-23 12:18:07.238941+00:00,Chambre,chambre1,Sous le lit
427,1,16.97,2022-06-23 12:18:12.209173+00:00,Salon,sejour,Canapé
428,2,10.12,2022-06-23 12:18:12.238328+00:00,Chambre,chambre1,Sous le lit
429,1,15.57,2022-06-23 12:18:17.210987+00:00,Salon,sejour,Canapé
430,2,14.25,2022-06-23 12:18:17.232662+00:00,Chambre,chambre1,Sous le lit
431,1,0.93,2022-06-23 12:18:22.219669+00:00,Salon,sejour,Canapé
432,2,20.64,2022-06-23 12:18:22.252170+00:00,Chambre,chambre1,Sous le lit
433,1,14.31,2022-06-23 12:18:27.228043+00:00,Salon,sejour,Canapé
434,2,3.39,2022-06-23 12:18:27.252619+00:00,Chambre,chambre1,Sous le lit
435,1,29.09,2022-06-23 12:18:32.244376+00:00,Salon,sejour,Canapé
436,2,23.17,2022-06-23 12:18:32.278544+00:00,Chambre,chambre1,Sous le lit
437,1,21.52,2022-06-23 12:18:37.238725+00:00,Salon,sejour,Canapé
438,2,23.0,2022-06-23 12:18:37.259633+00:00,Chambre,chambre1,Sous le lit
439,1,3.26,2022-06-23 12:18:42.247641+00:00,Salon,sejour,Canapé
440,2,0.54,2022-06-23 12:18:42.273314+00:00,Chambre,chambre1,Sous le lit
441,1,24.95,2022-06-23 12:18:47.248026+00:00,Salon,sejour,Canapé
442,2,16.14,2022-06-23 12:18:47.266580+00:00,Chambre,chambre1,Sous le lit
443,1,23.04,2022-06-23 12:18:52.263663+00:00,Salon,sejour,Canapé
444,2,11.4,2022-06-23 12:18:52.295662+00:00,Chambre,chambre1,Sous le lit
445,1,13.76,2022-06-23 12:18:57.265922+00:00,Salon,sejour,Canapé
446,2,7.44,2022-06-23 12:18:57.297180+00:00,Chambre,chambre1,Sous le lit
447,1,14.7,2022-06-23 12:19:02.268502+00:00,Salon,sejour,Canapé
448,2,5.7,2022-06-23 12:19:02.296551+00:00,Chambre,chambre1,Sous le lit
449,1,14.91,2022-06-23 12:19:07.288714+00:00,Salon,sejour,Canapé
450,2,1.1400000000000001,2022-06-23 12:19:07.315180+00:00,Chambre,chambre1,Sous le lit
451,1,6.66,2022-06-23 12:19:12.288699+00:00,Salon,sejour,Canapé
452,2,23.1,2022-06-23 12:19:12.312999+00:00,Chambre,chambre1,Sous le lit
453,1,1.8599999999999999,2022-06-23 12:19:17.298775+00:00,Salon,sejour,Canapé
454,2,0.2,2022-06-23 12:19:17.317963+00:00,Chambre,chambre1,Sous le lit
455,1,13.06,2022-06-23 12:19:22.305173+00:00,Salon,sejour,Canapé
456,2,20.22,2022-06-23 12:19:22.342625+00:00,Chambre,chambre1,Sous le lit
457,1,9.45,2022-06-23 12:19:27.315851+00:00,Salon,sejour,Canapé
458,2,23.62,2022-06-23 12:19:27.346228+00:00,Chambre,chambre1,Sous le lit
459,1,6.1,2022-06-23 12:19:32.361385+00:00,Salon,sejour,Canapé
460,2,7.83,2022-06-23 12:19:32.383420+00:00,Chambre,chambre1,Sous le lit
461,1,0.55,2022-06-23 12:19:37.332044+00:00,Salon,sejour,Canapé
462,2,16.05,2022-06-23 12:19:37.348565+00:00,Chambre,chambre1,Sous le lit
463,1,25.66,2022-06-23 12:19:42.334864+00:00,Salon,sejour,Canapé
464,2,11.75,2022-06-23 12:19:42.356092+00:00,Chambre,chambre1,Sous le lit
465,1,22.0,2022-06-23 12:19:47.345044+00:00,Salon,sejour,Canapé
466,2,0.92,2022-06-23 12:19:47.374634+00:00,Chambre,chambre1,Sous le lit
467,1,16.15,2022-06-23 12:19:52.352512+00:00,Salon,sejour,Canapé
468,2,20.99,2022-06-23 12:19:52.380388+00:00,Chambre,chambre1,Sous le lit
469,1,0.86,2022-06-23 12:19:57.356626+00:00,Salon,sejour,Canapé
470,2,10.66,2022-06-23 12:19:57.396484+00:00,Chambre,chambre1,Sous le lit
471,1,20.22,2022-06-23 12:20:02.366028+00:00,Salon,sejour,Canapé
472,2,20.13,2022-06-23 12:20:02.385075+00:00,Chambre,chambre1,Sous le lit
473,1,22.84,2022-06-23 12:20:07.377788+00:00,Salon,sejour,Canapé
474,2,28.65,2022-06-23 12:20:07.402272+00:00,Chambre,chambre1,Sous le lit
475,1,9.24,2022-06-23 12:20:12.379597+00:00,Salon,sejour,Canapé
476,2,25.0,2022-06-23 12:20:12.405489+00:00,Chambre,chambre1,Sous le lit
477,1,21.31,2022-06-23 12:20:17.381233+00:00,Salon,sejour,Canapé
478,2,18.16,2022-06-23 12:20:17.417888+00:00,Chambre,chambre1,Sous le lit
479,1,28.98,2022-06-23 12:20:22.381317+00:00,Salon,sejour,Canapé
480,2,1.67,2022-06-23 12:20:22.405094+00:00,Chambre,chambre1,Sous le lit
481,1,26.6,2022-06-23 12:20:27.395413+00:00,Salon,sejour,Canapé
482,2,14.99,2022-06-23 12:20:27.428734+00:00,Chambre,chambre1,Sous le lit
483,1,21.68,2022-06-23 12:20:32.400817+00:00,Salon,sejour,Canapé
484,2,10.52,2022-06-23 12:20:32.537718+00:00,Chambre,chambre1,Sous le lit
485,1,17.39,2022-06-23 12:20:37.401293+00:00,Salon,sejour,Canapé
486,2,6.77,2022-06-23 12:20:37.425189+00:00,Chambre,chambre1,Sous le lit
487,1,19.72,2022-06-23 12:20:42.419894+00:00,Salon,sejour,Canapé
488,2,12.97,2022-06-23 12:20:42.448569+00:00,Chambre,chambre1,Sous le lit
489,1,5.6,2022-06-23 12:20:47.414378+00:00,Salon,sejour,Canapé
490,2,2.86,2022-06-23 12:20:47.445918+00:00,Chambre,chambre1,Sous le lit
491,1,27.0,2022-06-23 12:20:52.430570+00:00,Salon,sejour,Canapé
492,2,13.87,2022-06-23 12:20:52.491137+00:00,Chambre,chambre1,Sous le lit
493,1,18.64,2022-06-23 12:20:57.441826+00:00,Salon,sejour,Canapé
494,2,9.43,2022-06-23 12:20:57.459916+00:00,Chambre,chambre1,Sous le lit
495,1,1.71,2022-06-23 12:21:02.433250+00:00,Salon,sejour,Canapé
496,2,3.25,2022-06-23 12:21:02.452648+00:00,Chambre,chambre1,Sous le lit
497,1,2.98,2022-06-23 12:21:07.446876+00:00,Salon,sejour,Canapé
498,2,25.65,2022-06-23 12:21:07.472482+00:00,Chambre,chambre1,Sous le lit
499,1,13.01,2022-06-23 12:21:12.450297+00:00,Salon,sejour,Canapé
500,2,25.68,2022-06-23 12:21:12.474823+00:00,Chambre,chambre1,Sous le lit
501,1,24.69,2022-06-23 12:21:17.458371+00:00,Salon,sejour,Canapé
502,2,4.75,2022-06-23 12:21:17.484836+00:00,Chambre,chambre1,Sous le lit
503,1,4.49,2022-06-23 12:21:22.454830+00:00,Salon,sejour,Canapé
504,2,17.39,2022-06-23 12:21:22.476118+00:00,Chambre,chambre1,Sous le lit
505,1,27.4,2022-06-23 12:21:27.475624+00:00,Salon,sejour,Canapé
506,2,8.39,2022-06-23 12:21:27.512961+00:00,Chambre,chambre1,Sous le lit
507,1,10.21,2022-06-23 12:21:32.532375+00:00,Salon,sejour,Canapé
508,2,17.99,2022-06-23 12:21:32.550309+00:00,Chambre,chambre1,Sous le lit
509,1,22.16,2022-06-23 12:21:37.481379+00:00,Salon,sejour,Canapé
510,2,27.42,2022-06-23 12:21:37.502829+00:00,Chambre,chambre1,Sous le lit
511,1,13.32,2022-06-23 12:21:42.495732+00:00,Salon,sejour,Canapé
512,2,24.58,2022-06-23 12:21:42.516178+00:00,Chambre,chambre1,Sous le lit
513,1,6.57,2022-06-23 12:21:47.496741+00:00,Salon,sejour,Canapé
514,2,3.7199999999999998,2022-06-23 12:21:47.540063+00:00,Chambre,chambre1,Sous le lit
515,1,27.68,2022-06-23 12:21:52.503349+00:00,Salon,sejour,Canapé
516,2,16.08,2022-06-23 12:21:52.530717+00:00,Chambre,chambre1,Sous le lit
517,1,14.49,2022-06-23 12:21:57.512411+00:00,Salon,sejour,Canapé
518,2,20.82,2022-06-23 12:21:57.539838+00:00,Chambre,chambre1,Sous le lit
519,1,10.49,2022-06-23 12:22:02.518714+00:00,Salon,sejour,Canapé
520,2,13.81,2022-06-23 12:22:02.552069+00:00,Chambre,chambre1,Sous le lit
521,1,13.53,2022-06-23 12:22:07.527292+00:00,Salon,sejour,Canapé
522,2,20.86,2022-06-23 12:22:07.557416+00:00,Chambre,chambre1,Sous le lit
523,1,25.4,2022-06-23 12:22:12.529394+00:00,Salon,sejour,Canapé
524,2,13.2,2022-06-23 12:22:12.568476+00:00,Chambre,chambre1,Sous le lit
525,1,20.2,2022-06-23 12:22:17.541539+00:00,Salon,sejour,Canapé
526,2,20.94,2022-06-23 12:22:17.566993+00:00,Chambre,chambre1,Sous le lit
527,1,12.16,2022-06-23 12:22:22.536459+00:00,Salon,sejour,Canapé
528,2,7.71,2022-06-23 12:22:22.563059+00:00,Chambre,chambre1,Sous le lit
529,1,0.07,2022-06-23 12:22:27.557749+00:00,Salon,sejour,Canapé
530,2,8.29,2022-06-23 12:22:27.583546+00:00,Chambre,chambre1,Sous le lit
531,1,27.5,2022-06-23 12:22:32.550666+00:00,Salon,sejour,Canapé
532,2,8.33,2022-06-23 12:22:32.568541+00:00,Chambre,chambre1,Sous le lit
533,1,3.07,2022-06-23 12:22:37.564138+00:00,Salon,sejour,Canapé
534,2,28.09,2022-06-23 12:22:37.583599+00:00,Chambre,chambre1,Sous le lit
535,1,17.4,2022-06-23 12:22:42.571740+00:00,Salon,sejour,Canapé
536,2,16.65,2022-06-23 12:22:42.587101+00:00,Chambre,chambre1,Sous le lit
537,1,18.83,2022-06-23 12:22:47.576699+00:00,Salon,sejour,Canapé
538,2,9.91,2022-06-23 12:22:47.600417+00:00,Chambre,chambre1,Sous le lit
539,1,0.8,2022-06-23 12:22:52.584003+00:00,Salon,sejour,Canapé
540,2,3.93,2022-06-23 12:22:52.611331+00:00,Chambre,chambre1,Sous le lit
541,1,1.87,2022-06-23 12:22:57.593616+00:00,Salon,sejour,Canapé
542,2,1.0,2022-06-23 12:22:57.616076+00:00,Chambre,chambre1,Sous le lit
543,1,14.63,2022-06-23 12:23:02.597887+00:00,Salon,sejour,Canapé
544,2,17.75,2022-06-23 12:23:02.617697+00:00,Chambre,chambre1,Sous le lit
545,1,0.0,2022-06-23 12:23:07.604736+00:00,Salon,sejour,Canapé
546,2,20.42,2022-06-23 12:23:07.626938+00:00,Chambre,chambre1,Sous le lit
547,1,5.21,2022-06-23 12:23:12.614180+00:00,Salon,sejour,Canapé
548,2,4.58,2022-06-23 12:23:12.639246+00:00,Chambre,chambre1,Sous le lit
549,1,24.82,2022-06-23 12:23:17.655697+00:00,Salon,sejour,Canapé
550,2,21.43,2022-06-23 12:23:17.682982+00:00,Chambre,chambre1,Sous le lit
551,1,28.58,2022-06-23 12:23:22.617396+00:00,Salon,sejour,Canapé
552,2,19.41,2022-06-23 12:23:22.635357+00:00,Chambre,chambre1,Sous le lit
553,1,11.27,2022-06-23 12:23:27.632153+00:00,Salon,sejour,Canapé
554,2,23.3,2022-06-23 12:23:27.653234+00:00,Chambre,chambre1,Sous le lit
555,1,28.42,2022-06-23 12:23:32.723938+00:00,Salon,sejour,Canapé
556,2,24.54,2022-06-23 12:23:32.750596+00:00,Chambre,chambre1,Sous le lit
557,1,2.67,2022-06-23 12:23:37.646605+00:00,Salon,sejour,Canapé
558,2,10.1,2022-06-23 12:23:37.677591+00:00,Chambre,chambre1,Sous le lit
559,1,29.5,2022-06-23 12:23:42.653367+00:00,Salon,sejour,Canapé
560,2,11.45,2022-06-23 12:23:42.681956+00:00,Chambre,chambre1,Sous le lit
561,1,10.65,2022-06-23 12:23:47.659507+00:00,Salon,sejour,Canapé
562,2,3.06,2022-06-23 12:23:47.683645+00:00,Chambre,chambre1,Sous le lit
563,1,9.31,2022-06-23 12:23:52.671673+00:00,Salon,sejour,Canapé
564,2,11.2,2022-06-23 12:23:52.736524+00:00,Chambre,chambre1,Sous le lit
565,1,16.45,2022-06-23 12:23:57.674413+00:00,Salon,sejour,Canapé
566,2,11.76,2022-06-23 12:23:57.699438+00:00,Chambre,chambre1,Sous le lit
567,1,25.62,2022-06-23 12:24:02.681281+00:00,Salon,sejour,Canapé
568,2,22.87,2022-06-23 12:24:02.701835+00:00,Chambre,chambre1,Sous le lit
569,1,3.09,2022-06-23 12:24:07.685530+00:00,Salon,sejour,Canapé
570,2,1.6099999999999999,2022-06-23 12:24:07.713235+00:00,Chambre,chambre1,Sous le lit
571,1,6.9399999999999995,2022-06-23 12:24:12.702023+00:00,Salon,sejour,Canapé
572,2,0.88,2022-06-23 12:24:12.731528+00:00,Chambre,chambre1,Sous le lit
573,1,17.69,2022-06-23 12:24:17.707342+00:00,Salon,sejour,Canapé
574,2,3.29,2022-06-23 12:24:17.727449+00:00,Chambre,chambre1,Sous le lit
575,1,27.06,2022-06-23 12:24:22.699369+00:00,Salon,sejour,Canapé
576,2,27.85,2022-06-23 12:24:22.723788+00:00,Chambre,chambre1,Sous le lit
577,1,21.23,2022-06-23 12:24:27.710152+00:00,Salon,sejour,Canapé
578,2,1.94,2022-06-23 12:24:27.728648+00:00,Chambre,chambre1,Sous le lit
579,1,11.32,2022-06-23 12:24:32.722761+00:00,Salon,sejour,Canapé
580,2,26.18,2022-06-23 12:24:32.748185+00:00,Chambre,chambre1,Sous le lit
581,1,21.86,2022-06-23 12:24:37.719082+00:00,Salon,sejour,Canapé
582,2,23.26,2022-06-23 12:24:37.743727+00:00,Chambre,chambre1,Sous le lit
583,1,14.61,2022-06-23 12:24:42.730157+00:00,Salon,sejour,Canapé
584,2,29.88,2022-06-23 12:24:42.744612+00:00,Chambre,chambre1,Sous le lit
585,1,17.56,2022-06-23 12:24:47.736111+00:00,Salon,sejour,Canapé
586,2,15.62,2022-06-23 12:24:47.821063+00:00,Chambre,chambre1,Sous le lit
587,1,9.84,2022-06-23 12:24:52.743551+00:00,Salon,sejour,Canapé
588,2,23.28,2022-06-23 12:24:52.762777+00:00,Chambre,chambre1,Sous le lit
589,1,1.71,2022-06-23 12:24:57.743155+00:00,Salon,sejour,Canapé
590,2,13.78,2022-06-23 12:24:57.800123+00:00,Chambre,chambre1,Sous le lit
591,1,8.19,2022-06-23 12:25:02.752876+00:00,Salon,sejour,Canapé
592,2,24.52,2022-06-23 12:25:02.773074+00:00,Chambre,chambre1,Sous le lit
593,1,11.71,2022-06-23 12:25:07.822048+00:00,Salon,sejour,Canapé
594,2,23.5,2022-06-23 12:25:07.849559+00:00,Chambre,chambre1,Sous le lit
595,1,11.62,2022-06-23 12:25:12.774543+00:00,Salon,sejour,Canapé
596,2,1.21,2022-06-23 12:25:12.800333+00:00,Chambre,chambre1,Sous le lit
597,1,28.72,2022-06-23 12:25:17.798692+00:00,Salon,sejour,Canapé
598,2,8.51,2022-06-23 12:25:17.824909+00:00,Chambre,chambre1,Sous le lit
599,1,9.74,2022-06-23 12:25:22.778336+00:00,Salon,sejour,Canapé
600,2,9.08,2022-06-23 12:25:22.797340+00:00,Chambre,chambre1,Sous le lit
601,1,0.92,2022-06-23 12:25:27.798535+00:00,Salon,sejour,Canapé
602,2,28.67,2022-06-23 12:25:27.824915+00:00,Chambre,chambre1,Sous le lit
603,1,3.23,2022-06-23 12:25:32.883248+00:00,Salon,sejour,Canapé
604,2,15.56,2022-06-23 12:25:32.950886+00:00,Chambre,chambre1,Sous le lit
605,1,11.08,2022-06-23 12:25:37.810060+00:00,Salon,sejour,Canapé
606,2,16.8,2022-06-23 12:25:37.833936+00:00,Chambre,chambre1,Sous le lit
607,1,15.04,2022-06-23 12:25:42.815147+00:00,Salon,sejour,Canapé
608,2,4.77,2022-06-23 12:25:42.839637+00:00,Chambre,chambre1,Sous le lit
609,1,10.76,2022-06-23 12:25:47.818819+00:00,Salon,sejour,Canapé
610,2,25.2,2022-06-23 12:25:47.842341+00:00,Chambre,chambre1,Sous le lit
611,1,21.87,2022-06-23 12:25:52.829654+00:00,Salon,sejour,Canapé
612,2,5.44,2022-06-23 12:25:52.850941+00:00,Chambre,chambre1,Sous le lit
613,1,12.55,2022-06-23 12:25:57.829662+00:00,Salon,sejour,Canapé
614,2,29.94,2022-06-23 12:25:57.845524+00:00,Chambre,chambre1,Sous le lit
615,1,22.52,2022-06-23 12:26:02.841040+00:00,Salon,sejour,Canapé
616,2,16.39,2022-06-23 12:26:02.864786+00:00,Chambre,chambre1,Sous le lit
617,1,14.81,2022-06-23 12:26:07.835876+00:00,Salon,sejour,Canapé
618,2,20.15,2022-06-23 12:26:07.855371+00:00,Chambre,chambre1,Sous le lit
619,1,10.18,2022-06-23 12:26:12.848581+00:00,Salon,sejour,Canapé
620,2,4.35,2022-06-23 12:26:12.867634+00:00,Chambre,chambre1,Sous le lit
621,1,18.14,2022-06-23 12:26:17.859120+00:00,Salon,sejour,Canapé
622,2,7.61,2022-06-23 12:26:17.878222+00:00,Chambre,chambre1,Sous le lit
623,1,11.71,2022-06-23 12:26:22.859785+00:00,Salon,sejour,Canapé
624,2,21.69,2022-06-23 12:26:22.878101+00:00,Chambre,chambre1,Sous le lit
625,1,5.55,2022-06-23 12:26:27.870612+00:00,Salon,sejour,Canapé
626,2,28.21,2022-06-23 12:26:27.887612+00:00,Chambre,chambre1,Sous le lit
627,1,7.82,2022-06-23 12:26:32.886742+00:00,Salon,sejour,Canapé
628,2,10.18,2022-06-23 12:26:32.904086+00:00,Chambre,chambre1,Sous le lit
629,1,15.16,2022-06-23 12:26:37.883335+00:00,Salon,sejour,Canapé
630,2,23.21,2022-06-23 12:26:37.901770+00:00,Chambre,chambre1,Sous le lit
631,1,16.91,2022-06-23 12:26:42.890091+00:00,Salon,sejour,Canapé
632,2,16.42,2022-06-23 12:26:42.909671+00:00,Chambre,chambre1,Sous le lit
633,1,22.54,2022-06-23 12:26:47.898038+00:00,Salon,sejour,Canapé
634,2,23.16,2022-06-23 12:26:47.917104+00:00,Chambre,chambre1,Sous le lit
635,1,7.21,2022-06-23 12:26:52.907207+00:00,Salon,sejour,Canapé
636,2,8.09,2022-06-23 12:26:52.967607+00:00,Chambre,chambre1,Sous le lit
637,1,26.55,2022-06-23 12:26:57.920940+00:00,Salon,sejour,Canapé
638,2,13.46,2022-06-23 12:26:57.953502+00:00,Chambre,chambre1,Sous le lit
639,1,4.8,2022-06-23 12:27:02.927411+00:00,Salon,sejour,Canapé
640,2,15.23,2022-06-23 12:27:02.947488+00:00,Chambre,chambre1,Sous le lit
641,1,8.52,2022-06-23 12:27:07.931155+00:00,Salon,sejour,Canapé
642,2,13.42,2022-06-23 12:27:07.953583+00:00,Chambre,chambre1,Sous le lit
643,1,1.0,2022-06-23 12:27:12.940835+00:00,Salon,sejour,Canapé
644,2,2.25,2022-06-23 12:27:12.966274+00:00,Chambre,chambre1,Sous le lit
645,1,20.5,2022-06-23 12:27:17.945782+00:00,Salon,sejour,Canapé
646,2,0.06,2022-06-23 12:27:17.969336+00:00,Chambre,chambre1,Sous le lit
647,1,2.32,2022-06-23 12:27:22.948870+00:00,Salon,sejour,Canapé
648,2,9.26,2022-06-23 12:27:22.972782+00:00,Chambre,chambre1,Sous le lit
649,1,18.42,2022-06-23 12:27:27.960779+00:00,Salon,sejour,Canapé
650,2,28.47,2022-06-23 12:27:27.985999+00:00,Chambre,chambre1,Sous le lit
651,1,19.38,2022-06-23 12:27:33.052352+00:00,Salon,sejour,Canapé
652,2,26.61,2022-06-23 12:27:33.071844+00:00,Chambre,chambre1,Sous le lit
653,1,14.04,2022-06-23 12:27:37.969737+00:00,Salon,sejour,Canapé
654,2,22.99,2022-06-23 12:27:37.995901+00:00,Chambre,chambre1,Sous le lit
655,1,12.72,2022-06-23 12:27:42.990578+00:00,Salon,sejour,Canapé
656,2,1.99,2022-06-23 12:27:43.016249+00:00,Chambre,chambre1,Sous le lit
657,1,26.32,2022-06-23 12:27:47.986357+00:00,Salon,sejour,Canapé
658,2,26.68,2022-06-23 12:27:48.004989+00:00,Chambre,chambre1,Sous le lit
659,1,12.2,2022-06-23 12:27:52.990817+00:00,Salon,sejour,Canapé
660,2,10.27,2022-06-23 12:27:53.011186+00:00,Chambre,chambre1,Sous le lit
661,1,2.26,2022-06-23 12:27:57.998139+00:00,Salon,sejour,Canapé
662,2,25.45,2022-06-23 12:27:58.016266+00:00,Chambre,chambre1,Sous le lit
663,1,23.24,2022-06-23 12:28:03.003097+00:00,Salon,sejour,Canapé
664,2,7.39,2022-06-23 12:28:03.034985+00:00,Chambre,chambre1,Sous le lit
665,1,22.53,2022-06-23 12:28:08.012650+00:00,Salon,sejour,Canapé
666,2,24.85,2022-06-23 12:28:08.032616+00:00,Chambre,chambre1,Sous le lit
667,1,11.59,2022-06-23 12:28:13.025768+00:00,Salon,sejour,Canapé
668,2,14.58,2022-06-23 12:28:13.051770+00:00,Chambre,chambre1,Sous le lit
669,1,20.34,2022-06-23 12:28:18.023782+00:00,Salon,sejour,Canapé
670,2,1.6600000000000001,2022-06-23 12:28:18.044248+00:00,Chambre,chambre1,Sous le lit
671,1,8.83,2022-06-23 12:28:23.038954+00:00,Salon,sejour,Canapé
672,2,20.9,2022-06-23 12:28:23.077984+00:00,Chambre,chambre1,Sous le lit
673,1,1.5699999999999998,2022-06-23 12:28:28.039156+00:00,Salon,sejour,Canapé
674,2,9.95,2022-06-23 12:28:28.059123+00:00,Chambre,chambre1,Sous le lit
675,1,2.06,2022-06-23 12:28:33.061500+00:00,Salon,sejour,Canapé
676,2,22.0,2022-06-23 12:28:33.089759+00:00,Chambre,chambre1,Sous le lit
677,1,11.88,2022-06-23 12:28:38.053168+00:00,Salon,sejour,Canapé
678,2,6.11,2022-06-23 12:28:38.081801+00:00,Chambre,chambre1,Sous le lit
679,1,4.43,2022-06-23 12:28:43.066698+00:00,Salon,sejour,Canapé
680,2,13.66,2022-06-23 12:28:43.111008+00:00,Chambre,chambre1,Sous le lit
681,1,21.95,2022-06-23 12:28:48.067968+00:00,Salon,sejour,Canapé
682,2,5.2,2022-06-23 12:28:48.100964+00:00,Chambre,chambre1,Sous le lit
683,1,15.11,2022-06-23 12:28:53.075259+00:00,Salon,sejour,Canapé
684,2,1.92,2022-06-23 12:28:53.101830+00:00,Chambre,chambre1,Sous le lit
685,1,2.03,2022-06-23 12:28:58.083000+00:00,Salon,sejour,Canapé
686,2,20.21,2022-06-23 12:28:58.104971+00:00,Chambre,chambre1,Sous le lit
687,1,5.77,2022-06-23 12:29:03.097120+00:00,Salon,sejour,Canapé
688,2,15.24,2022-06-23 12:29:03.118202+00:00,Chambre,chambre1,Sous le lit
689,1,8.89,2022-06-23 12:29:08.090685+00:00,Salon,sejour,Canapé
690,2,8.39,2022-06-23 12:29:08.108123+00:00,Chambre,chambre1,Sous le lit
691,1,4.21,2022-06-23 12:29:13.100124+00:00,Salon,sejour,Canapé
692,2,7.46,2022-06-23 12:29:13.115724+00:00,Chambre,chambre1,Sous le lit
693,1,10.86,2022-06-23 12:29:18.108859+00:00,Salon,sejour,Canapé
694,2,17.54,2022-06-23 12:29:18.128844+00:00,Chambre,chambre1,Sous le lit
695,1,17.69,2022-06-23 12:29:23.116018+00:00,Salon,sejour,Canapé
696,2,24.78,2022-06-23 12:29:23.138651+00:00,Chambre,chambre1,Sous le lit
697,1,25.77,2022-06-23 12:29:28.123040+00:00,Salon,sejour,Canapé
698,2,6.37,2022-06-23 12:29:28.152999+00:00,Chambre,chambre1,Sous le lit
699,1,15.68,2022-06-23 12:29:33.241871+00:00,Salon,sejour,Canapé
700,2,23.45,2022-06-23 12:29:33.268129+00:00,Chambre,chambre1,Sous le lit
701,1,7.8100000000000005,2022-06-23 12:29:38.140774+00:00,Salon,sejour,Canapé
702,2,17.42,2022-06-23 12:29:38.166408+00:00,Chambre,chambre1,Sous le lit
703,1,26.78,2022-06-23 12:29:43.145624+00:00,Salon,sejour,Canapé
704,2,28.0,2022-06-23 12:29:43.169306+00:00,Chambre,chambre1,Sous le lit
705,1,6.73,2022-06-23 12:29:48.149847+00:00,Salon,sejour,Canapé
706,2,7.2,2022-06-23 12:29:48.169842+00:00,Chambre,chambre1,Sous le lit
707,1,28.4,2022-06-23 12:29:53.153239+00:00,Salon,sejour,Canapé
708,2,21.71,2022-06-23 12:29:53.213865+00:00,Chambre,chambre1,Sous le lit
709,1,5.8100000000000005,2022-06-23 12:29:58.184636+00:00,Salon,sejour,Canapé
710,2,29.9,2022-06-23 12:29:58.211230+00:00,Chambre,chambre1,Sous le lit
711,1,11.55,2022-06-23 12:30:03.179073+00:00,Salon,sejour,Canapé
712,2,26.63,2022-06-23 12:30:03.198151+00:00,Chambre,chambre1,Sous le lit
713,1,23.96,2022-06-23 12:30:08.178155+00:00,Salon,sejour,Canapé
714,2,10.51,2022-06-23 12:30:08.203490+00:00,Chambre,chambre1,Sous le lit
715,1,9.22,2022-06-23 12:30:13.186406+00:00,Salon,sejour,Canapé
716,2,13.63,2022-06-23 12:30:13.211835+00:00,Chambre,chambre1,Sous le lit
717,1,25.07,2022-06-23 12:30:18.188928+00:00,Salon,sejour,Canapé
718,2,23.36,2022-06-23 12:30:18.207824+00:00,Chambre,chambre1,Sous le lit
719,1,28.04,2022-06-23 12:30:23.198134+00:00,Salon,sejour,Canapé
720,2,13.13,2022-06-23 12:30:23.221786+00:00,Chambre,chambre1,Sous le lit
721,1,25.42,2022-06-23 12:30:28.207590+00:00,Salon,sejour,Canapé
722,2,28.75,2022-06-23 12:30:28.226658+00:00,Chambre,chambre1,Sous le lit
723,1,25.41,2022-06-23 12:30:33.231332+00:00,Salon,sejour,Canapé
724,2,5.49,2022-06-23 12:30:33.255326+00:00,Chambre,chambre1,Sous le lit
725,1,19.75,2022-06-23 12:30:38.213130+00:00,Salon,sejour,Canapé
726,2,18.64,2022-06-23 12:30:38.233577+00:00,Chambre,chambre1,Sous le lit
727,1,11.22,2022-06-23 12:30:43.228807+00:00,Salon,sejour,Canapé
728,2,16.29,2022-06-23 12:30:43.262558+00:00,Chambre,chambre1,Sous le lit
729,1,27.53,2022-06-23 12:30:48.236604+00:00,Salon,sejour,Canapé
730,2,21.57,2022-06-23 12:30:48.261809+00:00,Chambre,chambre1,Sous le lit
731,1,8.36,2022-06-23 12:30:53.253018+00:00,Salon,sejour,Canapé
732,2,25.56,2022-06-23 12:30:53.272441+00:00,Chambre,chambre1,Sous le lit
733,1,19.78,2022-06-23 12:30:58.253482+00:00,Salon,sejour,Canapé
734,2,27.58,2022-06-23 12:30:58.277612+00:00,Chambre,chambre1,Sous le lit
735,1,3.22,2022-06-23 12:31:03.264316+00:00,Salon,sejour,Canapé
736,2,26.68,2022-06-23 12:31:03.289963+00:00,Chambre,chambre1,Sous le lit
737,1,12.86,2022-06-23 12:31:08.257628+00:00,Salon,sejour,Canapé
738,2,4.36,2022-06-23 12:31:08.275109+00:00,Chambre,chambre1,Sous le lit
739,1,16.89,2022-06-23 12:31:13.271986+00:00,Salon,sejour,Canapé
740,2,21.09,2022-06-23 12:31:13.297083+00:00,Chambre,chambre1,Sous le lit
741,1,16.75,2022-06-23 12:31:18.274628+00:00,Salon,sejour,Canapé
742,2,12.9,2022-06-23 12:31:18.315877+00:00,Chambre,chambre1,Sous le lit
743,1,10.65,2022-06-23 12:31:23.281599+00:00,Salon,sejour,Canapé
744,2,19.46,2022-06-23 12:31:23.306143+00:00,Chambre,chambre1,Sous le lit
745,1,19.21,2022-06-23 12:31:28.312450+00:00,Salon,sejour,Canapé
746,2,26.02,2022-06-23 12:31:28.341752+00:00,Chambre,chambre1,Sous le lit
747,1,29.54,2022-06-23 12:31:33.594183+00:00,Salon,sejour,Canapé
748,2,10.43,2022-06-23 12:31:33.624910+00:00,Chambre,chambre1,Sous le lit
749,1,22.62,2022-06-23 12:31:38.297536+00:00,Salon,sejour,Canapé
750,2,12.98,2022-06-23 12:31:38.318533+00:00,Chambre,chambre1,Sous le lit
751,1,16.15,2022-06-23 12:31:43.317129+00:00,Salon,sejour,Canapé
752,2,13.25,2022-06-23 12:31:43.344899+00:00,Chambre,chambre1,Sous le lit
753,1,11.4,2022-06-23 12:31:48.317666+00:00,Salon,sejour,Canapé
754,2,16.13,2022-06-23 12:31:48.333596+00:00,Chambre,chambre1,Sous le lit
755,1,16.07,2022-06-23 12:31:53.325366+00:00,Salon,sejour,Canapé
756,2,26.42,2022-06-23 12:31:53.362160+00:00,Chambre,chambre1,Sous le lit
757,1,12.07,2022-06-23 12:31:58.332514+00:00,Salon,sejour,Canapé
758,2,3.09,2022-06-23 12:31:58.359623+00:00,Chambre,chambre1,Sous le lit
759,1,28.67,2022-06-23 12:32:03.344714+00:00,Salon,sejour,Canapé
760,2,12.52,2022-06-23 12:32:03.372323+00:00,Chambre,chambre1,Sous le lit
761,1,21.24,2022-06-23 12:32:08.345941+00:00,Salon,sejour,Canapé
762,2,10.5,2022-06-23 12:32:08.372779+00:00,Chambre,chambre1,Sous le lit
763,1,6.89,2022-06-23 12:32:13.352952+00:00,Salon,sejour,Canapé
764,2,19.38,2022-06-23 12:32:13.372314+00:00,Chambre,chambre1,Sous le lit
765,1,4.55,2022-06-23 12:32:18.357854+00:00,Salon,sejour,Canapé
766,2,2.71,2022-06-23 12:32:18.374515+00:00,Chambre,chambre1,Sous le lit
767,1,13.78,2022-06-23 12:32:23.364272+00:00,Salon,sejour,Canapé
768,2,9.48,2022-06-23 12:32:23.389473+00:00,Chambre,chambre1,Sous le lit
769,1,18.57,2022-06-23 12:32:28.375994+00:00,Salon,sejour,Canapé
770,2,1.56,2022-06-23 12:32:28.395645+00:00,Chambre,chambre1,Sous le lit
771,1,3.38,2022-06-23 12:32:33.421466+00:00,Salon,sejour,Canapé
772,2,13.78,2022-06-23 12:32:33.440474+00:00,Chambre,chambre1,Sous le lit
773,1,10.14,2022-06-23 12:32:38.385917+00:00,Salon,sejour,Canapé
774,2,24.37,2022-06-23 12:32:38.408842+00:00,Chambre,chambre1,Sous le lit
775,1,5.67,2022-06-23 12:32:43.400543+00:00,Salon,sejour,Canapé
776,2,16.86,2022-06-23 12:32:43.423797+00:00,Chambre,chambre1,Sous le lit
777,1,18.44,2022-06-23 12:32:48.399805+00:00,Salon,sejour,Canapé
778,2,26.95,2022-06-23 12:32:48.421853+00:00,Chambre,chambre1,Sous le lit
779,1,2.43,2022-06-23 12:32:53.418899+00:00,Salon,sejour,Canapé
780,2,0.05,2022-06-23 12:32:53.473977+00:00,Chambre,chambre1,Sous le lit
781,1,2.21,2022-06-23 12:32:58.416586+00:00,Salon,sejour,Canapé
782,2,15.6,2022-06-23 12:32:58.440379+00:00,Chambre,chambre1,Sous le lit
783,1,20.56,2022-06-23 12:33:03.424915+00:00,Salon,sejour,Canapé
784,2,26.0,2022-06-23 12:33:03.445323+00:00,Chambre,chambre1,Sous le lit
785,1,13.83,2022-06-23 12:33:08.432553+00:00,Salon,sejour,Canapé
786,2,28.73,2022-06-23 12:33:08.457006+00:00,Chambre,chambre1,Sous le lit
787,1,15.49,2022-06-23 12:33:13.441562+00:00,Salon,sejour,Canapé
788,2,11.53,2022-06-23 12:33:13.466733+00:00,Chambre,chambre1,Sous le lit
789,1,11.65,2022-06-23 12:33:18.446567+00:00,Salon,sejour,Canapé
790,2,2.1,2022-06-23 12:33:18.465762+00:00,Chambre,chambre1,Sous le lit
791,1,21.62,2022-06-23 12:33:23.449676+00:00,Salon,sejour,Canapé
792,2,11.4,2022-06-23 12:33:23.475884+00:00,Chambre,chambre1,Sous le lit
793,1,22.33,2022-06-23 12:33:28.461669+00:00,Salon,sejour,Canapé
794,2,14.62,2022-06-23 12:33:28.487050+00:00,Chambre,chambre1,Sous le lit
795,1,8.67,2022-06-23 12:33:33.578562+00:00,Salon,sejour,Canapé
796,2,11.74,2022-06-23 12:33:33.595029+00:00,Chambre,chambre1,Sous le lit
797,1,29.99,2022-06-23 12:33:38.491957+00:00,Salon,sejour,Canapé
798,2,11.81,2022-06-23 12:33:38.528266+00:00,Chambre,chambre1,Sous le lit
799,1,6.32,2022-06-23 12:33:43.482195+00:00,Salon,sejour,Canapé
800,2,16.86,2022-06-23 12:33:43.505757+00:00,Chambre,chambre1,Sous le lit
801,1,2.44,2022-06-23 12:33:48.484662+00:00,Salon,sejour,Canapé
802,2,21.45,2022-06-23 12:33:48.508139+00:00,Chambre,chambre1,Sous le lit
803,1,12.21,2022-06-23 12:33:53.495691+00:00,Salon,sejour,Canapé
804,2,26.85,2022-06-23 12:33:53.542048+00:00,Chambre,chambre1,Sous le lit
805,1,17.38,2022-06-23 12:33:58.511540+00:00,Salon,sejour,Canapé
806,2,4.72,2022-06-23 12:33:58.534348+00:00,Chambre,chambre1,Sous le lit
807,1,1.32,2022-06-23 12:34:03.508373+00:00,Salon,sejour,Canapé
808,2,5.16,2022-06-23 12:34:03.528822+00:00,Chambre,chambre1,Sous le lit
809,1,5.5600000000000005,2022-06-23 12:34:08.509602+00:00,Salon,sejour,Canapé
810,2,15.88,2022-06-23 12:34:08.526575+00:00,Chambre,chambre1,Sous le lit
811,1,29.72,2022-06-23 12:34:13.521683+00:00,Salon,sejour,Canapé
812,2,23.59,2022-06-23 12:34:13.555892+00:00,Chambre,chambre1,Sous le lit
813,1,22.61,2022-06-23 12:34:18.530268+00:00,Salon,sejour,Canapé
814,2,20.46,2022-06-23 12:34:18.556250+00:00,Chambre,chambre1,Sous le lit
815,1,20.46,2022-06-23 12:34:23.529837+00:00,Salon,sejour,Canapé
816,2,8.32,2022-06-23 12:34:23.546433+00:00,Chambre,chambre1,Sous le lit
817,1,29.45,2022-06-23 12:34:28.543307+00:00,Salon,sejour,Canapé
818,2,22.81,2022-06-23 12:34:28.568965+00:00,Chambre,chambre1,Sous le lit
819,1,10.2,2022-06-23 12:34:33.584533+00:00,Salon,sejour,Canapé
820,2,27.66,2022-06-23 12:34:33.603000+00:00,Chambre,chambre1,Sous le lit
821,1,21.17,2022-06-23 12:34:38.548800+00:00,Salon,sejour,Canapé
822,2,25.9,2022-06-23 12:34:38.569609+00:00,Chambre,chambre1,Sous le lit
823,1,9.38,2022-06-23 12:34:43.566599+00:00,Salon,sejour,Canapé
824,2,22.17,2022-06-23 12:34:43.595233+00:00,Chambre,chambre1,Sous le lit
825,1,19.12,2022-06-23 12:34:48.579363+00:00,Salon,sejour,Canapé
826,2,17.75,2022-06-23 12:34:48.602666+00:00,Chambre,chambre1,Sous le lit
827,1,1.27,2022-06-23 12:34:53.573205+00:00,Salon,sejour,Canapé
828,2,1.09,2022-06-23 12:34:53.597748+00:00,Chambre,chambre1,Sous le lit
829,1,24.21,2022-06-23 12:34:58.588162+00:00,Salon,sejour,Canapé
830,2,17.38,2022-06-23 12:34:58.623761+00:00,Chambre,chambre1,Sous le lit
831,1,2.83,2022-06-23 12:35:03.589039+00:00,Salon,sejour,Canapé
832,2,17.11,2022-06-23 12:35:03.611224+00:00,Chambre,chambre1,Sous le lit
833,1,8.89,2022-06-23 12:35:08.591941+00:00,Salon,sejour,Canapé
834,2,16.09,2022-06-23 12:35:08.610221+00:00,Chambre,chambre1,Sous le lit
835,1,19.59,2022-06-23 12:35:13.606798+00:00,Salon,sejour,Canapé
836,2,14.24,2022-06-23 12:35:13.630358+00:00,Chambre,chambre1,Sous le lit
837,1,15.22,2022-06-23 12:35:18.610654+00:00,Salon,sejour,Canapé
838,2,27.51,2022-06-23 12:35:18.628430+00:00,Chambre,chambre1,Sous le lit
839,1,5.79,2022-06-23 12:35:23.616893+00:00,Salon,sejour,Canapé
840,2,3.62,2022-06-23 12:35:23.641500+00:00,Chambre,chambre1,Sous le lit
841,1,20.44,2022-06-23 12:35:28.623652+00:00,Salon,sejour,Canapé
842,2,17.61,2022-06-23 12:35:28.644153+00:00,Chambre,chambre1,Sous le lit
843,1,14.89,2022-06-23 12:35:33.624168+00:00,Salon,sejour,Canapé
844,2,15.9,2022-06-23 12:35:33.764675+00:00,Chambre,chambre1,Sous le lit
845,1,8.82,2022-06-23 12:35:38.634009+00:00,Salon,sejour,Canapé
846,2,8.62,2022-06-23 12:35:38.659053+00:00,Chambre,chambre1,Sous le lit
847,1,23.1,2022-06-23 12:35:43.646219+00:00,Salon,sejour,Canapé
848,2,14.86,2022-06-23 12:35:43.670997+00:00,Chambre,chambre1,Sous le lit
849,1,12.63,2022-06-23 12:35:48.644820+00:00,Salon,sejour,Canapé
850,2,2.24,2022-06-23 12:35:48.667039+00:00,Chambre,chambre1,Sous le lit
851,1,0.61,2022-06-23 12:35:53.653932+00:00,Salon,sejour,Canapé
852,2,4.24,2022-06-23 12:35:53.707412+00:00,Chambre,chambre1,Sous le lit
853,1,12.09,2022-06-23 12:35:58.664170+00:00,Salon,sejour,Canapé
854,2,28.53,2022-06-23 12:35:58.687548+00:00,Chambre,chambre1,Sous le lit
855,1,10.11,2022-06-23 12:36:03.674922+00:00,Salon,sejour,Canapé
856,2,0.56,2022-06-23 12:36:03.694558+00:00,Chambre,chambre1,Sous le lit
857,1,0.8,2022-06-23 12:36:08.672958+00:00,Salon,sejour,Canapé
858,2,0.64,2022-06-23 12:36:08.695652+00:00,Chambre,chambre1,Sous le lit
859,1,3.71,2022-06-23 12:36:13.688673+00:00,Salon,sejour,Canapé
860,2,7.39,2022-06-23 12:36:13.716989+00:00,Chambre,chambre1,Sous le lit
861,1,27.61,2022-06-23 12:36:18.701124+00:00,Salon,sejour,Canapé
862,2,4.28,2022-06-23 12:36:18.723782+00:00,Chambre,chambre1,Sous le lit
863,1,22.05,2022-06-23 12:36:23.698303+00:00,Salon,sejour,Canapé
864,2,5.18,2022-06-23 12:36:23.724741+00:00,Chambre,chambre1,Sous le lit
865,1,14.83,2022-06-23 12:36:28.708878+00:00,Salon,sejour,Canapé
866,2,4.63,2022-06-23 12:36:28.735076+00:00,Chambre,chambre1,Sous le lit
867,1,29.29,2022-06-23 12:36:33.763255+00:00,Salon,sejour,Canapé
868,2,30.0,2022-06-23 12:36:33.781676+00:00,Chambre,chambre1,Sous le lit
869,1,22.65,2022-06-23 12:36:38.719960+00:00,Salon,sejour,Canapé
870,2,16.83,2022-06-23 12:36:38.742043+00:00,Chambre,chambre1,Sous le lit
871,1,14.93,2022-06-23 12:36:43.729255+00:00,Salon,sejour,Canapé
872,2,3.52,2022-06-23 12:36:43.753010+00:00,Chambre,chambre1,Sous le lit
873,1,17.16,2022-06-23 12:36:48.732776+00:00,Salon,sejour,Canapé
874,2,27.3,2022-06-23 12:36:48.753283+00:00,Chambre,chambre1,Sous le lit
875,1,19.0,2022-06-23 12:36:53.739808+00:00,Salon,sejour,Canapé
876,2,17.28,2022-06-23 12:36:53.757893+00:00,Chambre,chambre1,Sous le lit
877,1,6.24,2022-06-23 12:36:58.746868+00:00,Salon,sejour,Canapé
878,2,26.9,2022-06-23 12:36:58.770224+00:00,Chambre,chambre1,Sous le lit
879,1,28.0,2022-06-23 12:37:03.757712+00:00,Salon,sejour,Canapé
880,2,15.48,2022-06-23 12:37:03.783717+00:00,Chambre,chambre1,Sous le lit
881,1,12.74,2022-06-23 12:37:08.758724+00:00,Salon,sejour,Canapé
882,2,20.38,2022-06-23 12:37:08.778615+00:00,Chambre,chambre1,Sous le lit
883,1,5.07,2022-06-23 12:37:13.770718+00:00,Salon,sejour,Canapé
884,2,5.33,2022-06-23 12:37:13.807738+00:00,Chambre,chambre1,Sous le lit
885,1,9.34,2022-06-23 12:37:18.779801+00:00,Salon,sejour,Canapé
886,2,21.26,2022-06-23 12:37:18.798729+00:00,Chambre,chambre1,Sous le lit
887,1,10.7,2022-06-23 12:37:23.779083+00:00,Salon,sejour,Canapé
888,2,7.29,2022-06-23 12:37:23.797638+00:00,Chambre,chambre1,Sous le lit
889,1,26.8,2022-06-23 12:37:28.793524+00:00,Salon,sejour,Canapé
890,2,28.86,2022-06-23 12:37:28.819887+00:00,Chambre,chambre1,Sous le lit
891,1,4.6899999999999995,2022-06-23 12:37:33.798675+00:00,Salon,sejour,Canapé
892,2,24.23,2022-06-23 12:37:33.931743+00:00,Chambre,chambre1,Sous le lit
893,1,4.71,2022-06-23 12:37:38.799389+00:00,Salon,sejour,Canapé
894,2,11.0,2022-06-23 12:37:38.818060+00:00,Chambre,chambre1,Sous le lit
895,1,19.19,2022-06-23 12:37:43.815684+00:00,Salon,sejour,Canapé
896,2,4.61,2022-06-23 12:37:43.840940+00:00,Chambre,chambre1,Sous le lit
897,1,3.1,2022-06-23 12:37:48.819734+00:00,Salon,sejour,Canapé
898,2,21.6,2022-06-23 12:37:48.844051+00:00,Chambre,chambre1,Sous le lit
899,1,22.31,2022-06-23 12:37:53.821790+00:00,Salon,sejour,Canapé
900,2,2.4,2022-06-23 12:37:53.840927+00:00,Chambre,chambre1,Sous le lit
901,1,23.05,2022-06-23 12:37:58.838856+00:00,Salon,sejour,Canapé
902,2,22.23,2022-06-23 12:37:58.866133+00:00,Chambre,chambre1,Sous le lit
903,1,10.89,2022-06-23 12:38:03.843323+00:00,Salon,sejour,Canapé
904,2,27.54,2022-06-23 12:38:03.867954+00:00,Chambre,chambre1,Sous le lit
905,1,25.16,2022-06-23 12:38:08.843929+00:00,Salon,sejour,Canapé
906,2,16.96,2022-06-23 12:38:08.864747+00:00,Chambre,chambre1,Sous le lit
907,1,28.65,2022-06-23 12:38:13.856831+00:00,Salon,sejour,Canapé
908,2,19.77,2022-06-23 12:38:13.880752+00:00,Chambre,chambre1,Sous le lit
909,1,11.5,2022-06-23 12:38:18.866033+00:00,Salon,sejour,Canapé
910,2,27.35,2022-06-23 12:38:18.890158+00:00,Chambre,chambre1,Sous le lit
911,1,18.85,2022-06-23 12:38:23.862860+00:00,Salon,sejour,Canapé
912,2,0.34,2022-06-23 12:38:23.882605+00:00,Chambre,chambre1,Sous le lit
913,1,20.01,2022-06-23 12:38:28.882254+00:00,Salon,sejour,Canapé
914,2,25.88,2022-06-23 12:38:28.901303+00:00,Chambre,chambre1,Sous le lit
915,1,21.35,2022-06-23 12:38:33.935436+00:00,Salon,sejour,Canapé
916,2,0.92,2022-06-23 12:38:33.959476+00:00,Chambre,chambre1,Sous le lit
917,1,26.15,2022-06-23 12:38:38.884451+00:00,Salon,sejour,Canapé
918,2,4.2,2022-06-23 12:38:38.904405+00:00,Chambre,chambre1,Sous le lit
919,1,7.19,2022-06-23 12:38:43.902779+00:00,Salon,sejour,Canapé
920,2,12.67,2022-06-23 12:38:43.926671+00:00,Chambre,chambre1,Sous le lit
921,1,19.65,2022-06-23 12:38:48.903976+00:00,Salon,sejour,Canapé
922,2,8.47,2022-06-23 12:38:48.922262+00:00,Chambre,chambre1,Sous le lit
923,1,4.85,2022-06-23 12:38:53.906556+00:00,Salon,sejour,Canapé
924,2,11.55,2022-06-23 12:38:54.004169+00:00,Chambre,chambre1,Sous le lit
925,1,18.15,2022-06-23 12:38:58.922231+00:00,Salon,sejour,Canapé
926,2,4.5600000000000005,2022-06-23 12:38:58.947777+00:00,Chambre,chambre1,Sous le lit
927,1,26.2,2022-06-23 12:39:03.924889+00:00,Salon,sejour,Canapé
928,2,3.36,2022-06-23 12:39:03.944549+00:00,Chambre,chambre1,Sous le lit
929,1,14.09,2022-06-23 12:39:08.926113+00:00,Salon,sejour,Canapé
930,2,29.37,2022-06-23 12:39:08.945493+00:00,Chambre,chambre1,Sous le lit
931,1,27.29,2022-06-23 12:39:13.943538+00:00,Salon,sejour,Canapé
932,2,28.33,2022-06-23 12:39:13.972101+00:00,Chambre,chambre1,Sous le lit
933,1,11.95,2022-06-23 12:39:18.950283+00:00,Salon,sejour,Canapé
934,2,11.26,2022-06-23 12:39:18.975304+00:00,Chambre,chambre1,Sous le lit
935,1,4.91,2022-06-23 12:39:23.950323+00:00,Salon,sejour,Canapé
936,2,15.93,2022-06-23 12:39:23.973607+00:00,Chambre,chambre1,Sous le lit
937,1,23.85,2022-06-23 12:39:28.962480+00:00,Salon,sejour,Canapé
938,2,1.87,2022-06-23 12:39:28.987474+00:00,Chambre,chambre1,Sous le lit
939,1,29.66,2022-06-23 12:39:33.963432+00:00,Salon,sejour,Canapé
940,2,24.3,2022-06-23 12:39:33.989809+00:00,Chambre,chambre1,Sous le lit
941,1,2.22,2022-06-23 12:39:38.970832+00:00,Salon,sejour,Canapé
942,2,24.08,2022-06-23 12:39:38.996532+00:00,Chambre,chambre1,Sous le lit
943,1,10.13,2022-06-23 12:39:43.983724+00:00,Salon,sejour,Canapé
944,2,23.31,2022-06-23 12:39:44.014375+00:00,Chambre,chambre1,Sous le lit
945,1,24.82,2022-06-23 12:39:49.006041+00:00,Salon,sejour,Canapé
946,2,21.51,2022-06-23 12:39:49.020778+00:00,Chambre,chambre1,Sous le lit
947,1,24.74,2022-06-23 12:39:53.991010+00:00,Salon,sejour,Canapé
948,2,11.24,2022-06-23 12:39:54.026574+00:00,Chambre,chambre1,Sous le lit
949,1,3.65,2022-06-23 12:39:59.002625+00:00,Salon,sejour,Canapé
950,2,20.12,2022-06-23 12:39:59.028686+00:00,Chambre,chambre1,Sous le lit
951,1,9.62,2022-06-23 12:40:04.021340+00:00,Salon,sejour,Canapé
952,2,0.39,2022-06-23 12:40:04.051651+00:00,Chambre,chambre1,Sous le lit
953,1,20.55,2022-06-23 12:40:09.011718+00:00,Salon,sejour,Canapé
954,2,1.01,2022-06-23 12:40:09.032785+00:00,Chambre,chambre1,Sous le lit
955,1,28.43,2022-06-23 12:40:14.065004+00:00,Salon,sejour,Canapé
956,2,24.54,2022-06-23 12:40:14.136331+00:00,Chambre,chambre1,Sous le lit
957,1,27.06,2022-06-23 12:40:19.031975+00:00,Salon,sejour,Canapé
958,2,7.18,2022-06-23 12:40:19.066789+00:00,Chambre,chambre1,Sous le lit
959,1,27.72,2022-06-23 12:40:24.029063+00:00,Salon,sejour,Canapé
960,2,28.11,2022-06-23 12:40:24.053553+00:00,Chambre,chambre1,Sous le lit
961,1,25.28,2022-06-23 12:40:29.040979+00:00,Salon,sejour,Canapé
962,2,2.33,2022-06-23 12:40:29.061845+00:00,Chambre,chambre1,Sous le lit
963,1,22.12,2022-06-23 12:40:34.106017+00:00,Salon,sejour,Canapé
964,2,26.15,2022-06-23 12:40:34.132426+00:00,Chambre,chambre1,Sous le lit
965,1,0.33,2022-06-23 12:40:39.053427+00:00,Salon,sejour,Canapé
966,2,21.15,2022-06-23 12:40:39.077466+00:00,Chambre,chambre1,Sous le lit
967,1,22.88,2022-06-23 12:40:44.062751+00:00,Salon,sejour,Canapé
968,2,26.3,2022-06-23 12:40:44.087129+00:00,Chambre,chambre1,Sous le lit
969,1,19.74,2022-06-23 12:40:49.070008+00:00,Salon,sejour,Canapé
970,2,5.2,2022-06-23 12:40:49.095876+00:00,Chambre,chambre1,Sous le lit
971,1,26.79,2022-06-23 12:40:54.071892+00:00,Salon,sejour,Canapé
972,2,0.01,2022-06-23 12:40:54.092858+00:00,Chambre,chambre1,Sous le lit
973,1,8.71,2022-06-23 12:40:59.084904+00:00,Salon,sejour,Canapé
974,2,24.09,2022-06-23 12:40:59.108238+00:00,Chambre,chambre1,Sous le lit
975,1,5.5,2022-06-23 12:41:04.085738+00:00,Salon,sejour,Canapé
976,2,24.62,2022-06-23 12:41:04.110469+00:00,Chambre,chambre1,Sous le lit
977,1,25.93,2022-06-23 12:41:09.089989+00:00,Salon,sejour,Canapé
978,2,14.17,2022-06-23 12:41:09.105992+00:00,Chambre,chambre1,Sous le lit
979,1,21.12,2022-06-23 12:41:14.108196+00:00,Salon,sejour,Canapé
980,2,18.84,2022-06-23 12:41:14.134864+00:00,Chambre,chambre1,Sous le lit
981,1,10.46,2022-06-23 12:41:19.112039+00:00,Salon,sejour,Canapé
982,2,9.06,2022-06-23 12:41:19.136885+00:00,Chambre,chambre1,Sous le lit
983,1,1.18,2022-06-23 12:41:24.117346+00:00,Salon,sejour,Canapé
984,2,6.99,2022-06-23 12:41:24.139233+00:00,Chambre,chambre1,Sous le lit
985,1,21.8,2022-06-23 12:41:29.125155+00:00,Salon,sejour,Canapé
986,2,11.3,2022-06-23 12:41:29.148026+00:00,Chambre,chambre1,Sous le lit
987,1,15.32,2022-06-23 12:41:34.126028+00:00,Salon,sejour,Canapé
988,2,25.24,2022-06-23 12:41:34.148517+00:00,Chambre,chambre1,Sous le lit
989,1,26.96,2022-06-23 12:41:39.134968+00:00,Salon,sejour,Canapé
990,2,17.55,2022-06-23 12:41:39.160427+00:00,Chambre,chambre1,Sous le lit
991,1,6.85,2022-06-23 12:41:44.148740+00:00,Salon,sejour,Canapé
992,2,13.05,2022-06-23 12:41:44.166777+00:00,Chambre,chambre1,Sous le lit
993,1,7.18,2022-06-23 12:41:49.153156+00:00,Salon,sejour,Canapé
994,2,3.57,2022-06-23 12:41:49.178054+00:00,Chambre,chambre1,Sous le lit
995,1,0.01,2022-06-23 12:41:54.154226+00:00,Salon,sejour,Canapé
996,2,12.92,2022-06-23 12:41:54.216651+00:00,Chambre,chambre1,Sous le lit
997,1,8.55,2022-06-23 12:41:59.164857+00:00,Salon,sejour,Canapé
998,2,1.41,2022-06-23 12:41:59.184655+00:00,Chambre,chambre1,Sous le lit
999,1,9.93,2022-06-23 12:42:04.172179+00:00,Salon,sejour,Canapé
1000,2,18.83,2022-06-23 12:42:04.199261+00:00,Chambre,chambre1,Sous le lit
1001,1,19.13,2022-06-23 12:42:09.177655+00:00,Salon,sejour,Canapé
1002,2,9.34,2022-06-23 12:42:09.201147+00:00,Chambre,chambre1,Sous le lit
1003,1,8.66,2022-06-23 12:42:14.182293+00:00,Salon,sejour,Canapé
1004,2,5.67,2022-06-23 12:42:14.200279+00:00,Chambre,chambre1,Sous le lit
1005,1,12.65,2022-06-23 12:42:19.194127+00:00,Salon,sejour,Canapé
1006,2,16.54,2022-06-23 12:42:19.220201+00:00,Chambre,chambre1,Sous le lit
1007,1,22.23,2022-06-23 12:42:24.199384+00:00,Salon,sejour,Canapé
1008,2,10.91,2022-06-23 12:42:24.224496+00:00,Chambre,chambre1,Sous le lit
1009,1,4.52,2022-06-23 12:42:29.209092+00:00,Salon,sejour,Canapé
1010,2,5.91,2022-06-23 12:42:29.235449+00:00,Chambre,chambre1,Sous le lit
1011,1,7.44,2022-06-23 12:42:34.273203+00:00,Salon,sejour,Canapé
1012,2,9.19,2022-06-23 12:42:34.293800+00:00,Chambre,chambre1,Sous le lit
1013,1,29.31,2022-06-23 12:42:39.216927+00:00,Salon,sejour,Canapé
1014,2,24.41,2022-06-23 12:42:39.240162+00:00,Chambre,chambre1,Sous le lit
1015,1,1.69,2022-06-23 12:42:44.229989+00:00,Salon,sejour,Canapé
1016,2,9.87,2022-06-23 12:42:44.255462+00:00,Chambre,chambre1,Sous le lit
1017,1,16.08,2022-06-23 12:42:49.235787+00:00,Salon,sejour,Canapé
1018,2,28.58,2022-06-23 12:42:49.260185+00:00,Chambre,chambre1,Sous le lit
1019,1,11.41,2022-06-23 12:42:54.241317+00:00,Salon,sejour,Canapé
1020,2,6.12,2022-06-23 12:42:54.267369+00:00,Chambre,chambre1,Sous le lit
1021,1,19.64,2022-06-23 12:42:59.249240+00:00,Salon,sejour,Canapé
1022,2,18.37,2022-06-23 12:42:59.268687+00:00,Chambre,chambre1,Sous le lit
1023,1,7.85,2022-06-23 12:43:04.251773+00:00,Salon,sejour,Canapé
1024,2,18.59,2022-06-23 12:43:04.276779+00:00,Chambre,chambre1,Sous le lit
1025,1,21.56,2022-06-23 12:43:09.261075+00:00,Salon,sejour,Canapé
1026,2,12.1,2022-06-23 12:43:09.280400+00:00,Chambre,chambre1,Sous le lit
1027,1,10.21,2022-06-23 12:43:14.269222+00:00,Salon,sejour,Canapé
1028,2,5.62,2022-06-23 12:43:14.295097+00:00,Chambre,chambre1,Sous le lit
1029,1,26.35,2022-06-23 12:43:19.274562+00:00,Salon,sejour,Canapé
1030,2,6.49,2022-06-23 12:43:19.296187+00:00,Chambre,chambre1,Sous le lit
1031,1,12.11,2022-06-23 12:43:24.280947+00:00,Salon,sejour,Canapé
1032,2,1.11,2022-06-23 12:43:24.306398+00:00,Chambre,chambre1,Sous le lit
1033,1,10.53,2022-06-23 12:43:29.287834+00:00,Salon,sejour,Canapé
1034,2,4.21,2022-06-23 12:43:29.312617+00:00,Chambre,chambre1,Sous le lit
1035,1,18.87,2022-06-23 12:43:34.293852+00:00,Salon,sejour,Canapé
1036,2,13.25,2022-06-23 12:43:34.318234+00:00,Chambre,chambre1,Sous le lit
1037,1,22.53,2022-06-23 12:43:39.300769+00:00,Salon,sejour,Canapé
1038,2,1.08,2022-06-23 12:43:39.323789+00:00,Chambre,chambre1,Sous le lit
1039,1,7.0,2022-06-23 12:43:44.312306+00:00,Salon,sejour,Canapé
1040,2,7.0,2022-06-23 12:43:44.329775+00:00,Chambre,chambre1,Sous le lit
1041,1,7.44,2022-06-23 12:43:49.317086+00:00,Salon,sejour,Canapé
1042,2,15.71,2022-06-23 12:43:49.340461+00:00,Chambre,chambre1,Sous le lit
1043,1,10.99,2022-06-23 12:43:54.321414+00:00,Salon,sejour,Canapé
1044,2,26.23,2022-06-23 12:43:54.347427+00:00,Chambre,chambre1,Sous le lit
1045,1,9.24,2022-06-23 12:43:59.332660+00:00,Salon,sejour,Canapé
1046,2,25.61,2022-06-23 12:43:59.357311+00:00,Chambre,chambre1,Sous le lit
1047,1,20.28,2022-06-23 12:44:04.345655+00:00,Salon,sejour,Canapé
1048,2,20.82,2022-06-23 12:44:04.377604+00:00,Chambre,chambre1,Sous le lit
1049,1,19.47,2022-06-23 12:44:09.343163+00:00,Salon,sejour,Canapé
1050,2,6.25,2022-06-23 12:44:09.368861+00:00,Chambre,chambre1,Sous le lit
1051,1,7.73,2022-06-23 12:44:14.352703+00:00,Salon,sejour,Canapé
1052,2,13.51,2022-06-23 12:44:14.371231+00:00,Chambre,chambre1,Sous le lit
1053,1,23.75,2022-06-23 12:44:19.360740+00:00,Salon,sejour,Canapé
1054,2,20.29,2022-06-23 12:44:19.384155+00:00,Chambre,chambre1,Sous le lit
1055,1,4.21,2022-06-23 12:44:24.360673+00:00,Salon,sejour,Canapé
1056,2,25.06,2022-06-23 12:44:24.380585+00:00,Chambre,chambre1,Sous le lit
1057,1,26.0,2022-06-23 12:44:29.374947+00:00,Salon,sejour,Canapé
1058,2,25.44,2022-06-23 12:44:29.401286+00:00,Chambre,chambre1,Sous le lit
1059,1,20.1,2022-06-23 12:44:34.452407+00:00,Salon,sejour,Canapé
1060,2,2.32,2022-06-23 12:44:34.487565+00:00,Chambre,chambre1,Sous le lit
1061,1,7.67,2022-06-23 12:44:39.383365+00:00,Salon,sejour,Canapé
1062,2,0.61,2022-06-23 12:44:39.417674+00:00,Chambre,chambre1,Sous le lit
1063,1,16.33,2022-06-23 12:44:44.397015+00:00,Salon,sejour,Canapé
1064,2,18.14,2022-06-23 12:44:44.422052+00:00,Chambre,chambre1,Sous le lit
1065,1,8.59,2022-06-23 12:44:49.399849+00:00,Salon,sejour,Canapé
1066,2,1.76,2022-06-23 12:44:49.424508+00:00,Chambre,chambre1,Sous le lit
1067,1,26.63,2022-06-23 12:44:54.402203+00:00,Salon,sejour,Canapé
1068,2,20.47,2022-06-23 12:44:54.464376+00:00,Chambre,chambre1,Sous le lit
1069,1,16.85,2022-06-23 12:44:59.413671+00:00,Salon,sejour,Canapé
1070,2,14.76,2022-06-23 12:44:59.431394+00:00,Chambre,chambre1,Sous le lit
1071,1,4.08,2022-06-23 12:45:04.418966+00:00,Salon,sejour,Canapé
1072,2,6.64,2022-06-23 12:45:04.443362+00:00,Chambre,chambre1,Sous le lit
1073,1,22.67,2022-06-23 12:45:09.426656+00:00,Salon,sejour,Canapé
1074,2,3.11,2022-06-23 12:45:09.453241+00:00,Chambre,chambre1,Sous le lit
1075,1,4.72,2022-06-23 12:45:14.433836+00:00,Salon,sejour,Canapé
1076,2,28.3,2022-06-23 12:45:14.453627+00:00,Chambre,chambre1,Sous le lit
1077,1,11.56,2022-06-23 12:45:19.442334+00:00,Salon,sejour,Canapé
1078,2,8.1,2022-06-23 12:45:19.467066+00:00,Chambre,chambre1,Sous le lit
1079,1,18.29,2022-06-23 12:45:24.445633+00:00,Salon,sejour,Canapé
1080,2,8.36,2022-06-23 12:45:24.470503+00:00,Chambre,chambre1,Sous le lit
1081,1,18.69,2022-06-23 12:45:29.455802+00:00,Salon,sejour,Canapé
1082,2,3.07,2022-06-23 12:45:29.479850+00:00,Chambre,chambre1,Sous le lit
1083,1,16.73,2022-06-23 12:45:34.458246+00:00,Salon,sejour,Canapé
1084,2,15.67,2022-06-23 12:45:34.476855+00:00,Chambre,chambre1,Sous le lit
1085,1,10.2,2022-06-23 12:45:39.465102+00:00,Salon,sejour,Canapé
1086,2,26.17,2022-06-23 12:45:39.499161+00:00,Chambre,chambre1,Sous le lit
1087,1,2.18,2022-06-23 12:45:44.478289+00:00,Salon,sejour,Canapé
1088,2,9.67,2022-06-23 12:45:44.503970+00:00,Chambre,chambre1,Sous le lit
1089,1,18.27,2022-06-23 12:45:49.483304+00:00,Salon,sejour,Canapé
1090,2,27.61,2022-06-23 12:45:49.500971+00:00,Chambre,chambre1,Sous le lit
1091,1,21.12,2022-06-23 12:45:54.487844+00:00,Salon,sejour,Canapé
1092,2,11.37,2022-06-23 12:45:54.514327+00:00,Chambre,chambre1,Sous le lit
1093,1,10.49,2022-06-23 12:45:59.502010+00:00,Salon,sejour,Canapé
1094,2,9.94,2022-06-23 12:45:59.523132+00:00,Chambre,chambre1,Sous le lit
1095,1,1.41,2022-06-23 12:46:04.498917+00:00,Salon,sejour,Canapé
1096,2,14.03,2022-06-23 12:46:04.523643+00:00,Chambre,chambre1,Sous le lit
1097,1,1.56,2022-06-23 12:46:09.508108+00:00,Salon,sejour,Canapé
1098,2,18.14,2022-06-23 12:46:09.538123+00:00,Chambre,chambre1,Sous le lit
1099,1,22.86,2022-06-23 12:46:14.519411+00:00,Salon,sejour,Canapé
1100,2,7.5,2022-06-23 12:46:14.545330+00:00,Chambre,chambre1,Sous le lit
1101,1,2.5300000000000002,2022-06-23 12:46:19.524357+00:00,Salon,sejour,Canapé
1102,2,7.83,2022-06-23 12:46:19.547725+00:00,Chambre,chambre1,Sous le lit
1103,1,27.31,2022-06-23 12:46:24.528214+00:00,Salon,sejour,Canapé
1104,2,16.87,2022-06-23 12:46:24.551667+00:00,Chambre,chambre1,Sous le lit
1105,1,0.24,2022-06-23 12:46:29.540133+00:00,Salon,sejour,Canapé
1106,2,4.12,2022-06-23 12:46:29.565874+00:00,Chambre,chambre1,Sous le lit
1107,1,28.01,2022-06-23 12:46:34.630114+00:00,Salon,sejour,Canapé
1108,2,0.2,2022-06-23 12:46:34.654484+00:00,Chambre,chambre1,Sous le lit
1109,1,13.68,2022-06-23 12:46:39.549645+00:00,Salon,sejour,Canapé
1110,2,17.08,2022-06-23 12:46:39.574559+00:00,Chambre,chambre1,Sous le lit
1111,1,29.13,2022-06-23 12:46:44.559030+00:00,Salon,sejour,Canapé
1112,2,19.89,2022-06-23 12:46:44.583113+00:00,Chambre,chambre1,Sous le lit
1113,1,24.71,2022-06-23 12:46:49.565495+00:00,Salon,sejour,Canapé
1114,2,21.3,2022-06-23 12:46:49.585914+00:00,Chambre,chambre1,Sous le lit
1115,1,5.32,2022-06-23 12:46:54.569761+00:00,Salon,sejour,Canapé
1116,2,21.03,2022-06-23 12:46:54.595996+00:00,Chambre,chambre1,Sous le lit
1117,1,2.55,2022-06-23 12:46:59.587573+00:00,Salon,sejour,Canapé
1118,2,21.08,2022-06-23 12:46:59.612415+00:00,Chambre,chambre1,Sous le lit
1119,1,9.2,2022-06-23 12:47:04.587368+00:00,Salon,sejour,Canapé
1120,2,6.95,2022-06-23 12:47:04.612230+00:00,Chambre,chambre1,Sous le lit
1121,1,19.18,2022-06-23 12:47:09.591106+00:00,Salon,sejour,Canapé
1122,2,25.07,2022-06-23 12:47:09.615908+00:00,Chambre,chambre1,Sous le lit
1123,1,15.19,2022-06-23 12:47:14.614382+00:00,Salon,sejour,Canapé
1124,2,16.9,2022-06-23 12:47:14.639876+00:00,Chambre,chambre1,Sous le lit
1125,1,11.65,2022-06-23 12:47:19.608391+00:00,Salon,sejour,Canapé
1126,2,12.51,2022-06-23 12:47:19.631528+00:00,Chambre,chambre1,Sous le lit
1127,1,24.72,2022-06-23 12:47:24.611034+00:00,Salon,sejour,Canapé
1128,2,0.9,2022-06-23 12:47:24.635026+00:00,Chambre,chambre1,Sous le lit
1129,1,22.42,2022-06-23 12:47:29.623025+00:00,Salon,sejour,Canapé
1130,2,22.7,2022-06-23 12:47:29.647161+00:00,Chambre,chambre1,Sous le lit
1131,1,12.21,2022-06-23 12:47:34.635491+00:00,Salon,sejour,Canapé
1132,2,26.51,2022-06-23 12:47:34.662393+00:00,Chambre,chambre1,Sous le lit
1133,1,22.46,2022-06-23 12:47:39.637674+00:00,Salon,sejour,Canapé
1134,2,22.57,2022-06-23 12:47:39.662045+00:00,Chambre,chambre1,Sous le lit
1135,1,18.14,2022-06-23 12:47:44.645888+00:00,Salon,sejour,Canapé
1136,2,18.51,2022-06-23 12:47:44.671304+00:00,Chambre,chambre1,Sous le lit
1137,1,1.29,2022-06-23 12:47:49.649805+00:00,Salon,sejour,Canapé
1138,2,29.23,2022-06-23 12:47:49.673961+00:00,Chambre,chambre1,Sous le lit
1139,1,19.7,2022-06-23 12:47:54.651978+00:00,Salon,sejour,Canapé
1140,2,9.58,2022-06-23 12:47:54.711535+00:00,Chambre,chambre1,Sous le lit
1141,1,7.87,2022-06-23 12:47:59.670761+00:00,Salon,sejour,Canapé
1142,2,17.18,2022-06-23 12:47:59.697798+00:00,Chambre,chambre1,Sous le lit
1143,1,9.25,2022-06-23 12:48:04.666284+00:00,Salon,sejour,Canapé
1144,2,3.79,2022-06-23 12:48:04.691317+00:00,Chambre,chambre1,Sous le lit
1145,1,15.75,2022-06-23 12:48:09.673944+00:00,Salon,sejour,Canapé
1146,2,10.33,2022-06-23 12:48:09.699826+00:00,Chambre,chambre1,Sous le lit
1147,1,27.4,2022-06-23 12:48:14.684192+00:00,Salon,sejour,Canapé
1148,2,7.1,2022-06-23 12:48:14.704357+00:00,Chambre,chambre1,Sous le lit
1149,1,28.67,2022-06-23 12:48:19.693470+00:00,Salon,sejour,Canapé
1150,2,17.13,2022-06-23 12:48:19.719498+00:00,Chambre,chambre1,Sous le lit
1151,1,22.53,2022-06-23 12:48:24.695379+00:00,Salon,sejour,Canapé
1152,2,12.94,2022-06-23 12:48:24.721350+00:00,Chambre,chambre1,Sous le lit
1153,1,0.32,2022-06-23 12:48:29.714365+00:00,Salon,sejour,Canapé
1154,2,26.64,2022-06-23 12:48:29.740551+00:00,Chambre,chambre1,Sous le lit
1155,1,9.4,2022-06-23 12:48:34.806374+00:00,Salon,sejour,Canapé
1156,2,21.45,2022-06-23 12:48:34.832088+00:00,Chambre,chambre1,Sous le lit
1157,1,14.29,2022-06-23 12:48:39.732372+00:00,Salon,sejour,Canapé
1158,2,1.95,2022-06-23 12:48:39.752256+00:00,Chambre,chambre1,Sous le lit
1159,1,9.11,2022-06-23 12:48:44.735879+00:00,Salon,sejour,Canapé
1160,2,16.24,2022-06-23 12:48:44.753700+00:00,Chambre,chambre1,Sous le lit
1161,1,6.57,2022-06-23 12:48:49.735707+00:00,Salon,sejour,Canapé
1162,2,22.6,2022-06-23 12:48:49.759951+00:00,Chambre,chambre1,Sous le lit
1163,1,0.43,2022-06-23 12:48:54.734253+00:00,Salon,sejour,Canapé
1164,2,19.0,2022-06-23 12:48:54.751562+00:00,Chambre,chambre1,Sous le lit
1165,1,0.22,2022-06-23 12:48:59.747344+00:00,Salon,sejour,Canapé
1166,2,8.27,2022-06-23 12:48:59.768005+00:00,Chambre,chambre1,Sous le lit
1167,1,18.58,2022-06-23 12:49:04.749846+00:00,Salon,sejour,Canapé
1168,2,15.74,2022-06-23 12:49:04.769073+00:00,Chambre,chambre1,Sous le lit
1169,1,6.95,2022-06-23 12:49:09.756911+00:00,Salon,sejour,Canapé
1170,2,12.78,2022-06-23 12:49:09.781105+00:00,Chambre,chambre1,Sous le lit
1171,1,9.8,2022-06-23 12:49:14.771680+00:00,Salon,sejour,Canapé
1172,2,29.08,2022-06-23 12:49:14.790426+00:00,Chambre,chambre1,Sous le lit
1173,1,15.0,2022-06-23 12:49:19.782551+00:00,Salon,sejour,Canapé
1174,2,9.33,2022-06-23 12:49:19.807931+00:00,Chambre,chambre1,Sous le lit
1175,1,8.6,2022-06-23 12:49:24.785694+00:00,Salon,sejour,Canapé
1176,2,26.19,2022-06-23 12:49:24.812679+00:00,Chambre,chambre1,Sous le lit
1177,1,29.69,2022-06-23 12:49:29.792212+00:00,Salon,sejour,Canapé
1178,2,2.9699999999999998,2022-06-23 12:49:29.809979+00:00,Chambre,chambre1,Sous le lit
1179,1,13.53,2022-06-23 12:49:34.793395+00:00,Salon,sejour,Canapé
1180,2,17.47,2022-06-23 12:49:34.818550+00:00,Chambre,chambre1,Sous le lit
1181,1,10.96,2022-06-23 12:49:39.800041+00:00,Salon,sejour,Canapé
1182,2,14.29,2022-06-23 12:49:39.814189+00:00,Chambre,chambre1,Sous le lit
1183,1,25.02,2022-06-23 12:49:44.839372+00:00,Salon,sejour,Canapé
1184,2,0.6,2022-06-23 12:49:44.885107+00:00,Chambre,chambre1,Sous le lit
1185,1,8.15,2022-06-23 12:49:49.827264+00:00,Salon,sejour,Canapé
1186,2,26.85,2022-06-23 12:49:49.851358+00:00,Chambre,chambre1,Sous le lit
1187,1,12.09,2022-06-23 12:49:55.135082+00:00,Salon,sejour,Canapé
1188,2,26.46,2022-06-23 12:49:55.155600+00:00,Chambre,chambre1,Sous le lit
1189,1,28.3,2022-06-23 12:49:59.839767+00:00,Salon,sejour,Canapé
1190,2,19.04,2022-06-23 12:49:59.870508+00:00,Chambre,chambre1,Sous le lit
1191,1,28.58,2022-06-23 12:50:04.835533+00:00,Salon,sejour,Canapé
1192,2,10.2,2022-06-23 12:50:04.859958+00:00,Chambre,chambre1,Sous le lit
1193,1,23.67,2022-06-23 12:50:09.843430+00:00,Salon,sejour,Canapé
1194,2,7.27,2022-06-23 12:50:09.878832+00:00,Chambre,chambre1,Sous le lit
1195,1,29.94,2022-06-23 12:50:14.854356+00:00,Salon,sejour,Canapé
1196,2,29.86,2022-06-23 12:50:14.879532+00:00,Chambre,chambre1,Sous le lit
1197,1,2.11,2022-06-23 12:50:19.861977+00:00,Salon,sejour,Canapé
1198,2,28.01,2022-06-23 12:50:19.887905+00:00,Chambre,chambre1,Sous le lit
1199,1,3.54,2022-06-23 12:50:24.868788+00:00,Salon,sejour,Canapé
1200,2,12.13,2022-06-23 12:50:24.891860+00:00,Chambre,chambre1,Sous le lit
1201,1,6.87,2022-06-23 12:50:29.875257+00:00,Salon,sejour,Canapé
1202,2,2.5,2022-06-23 12:50:29.902791+00:00,Chambre,chambre1,Sous le lit
1203,1,24.38,2022-06-23 12:50:34.982443+00:00,Salon,sejour,Canapé
1204,2,15.76,2022-06-23 12:50:35.007199+00:00,Chambre,chambre1,Sous le lit
1205,1,29.07,2022-06-23 12:50:39.880576+00:00,Salon,sejour,Canapé
1206,2,6.5600000000000005,2022-06-23 12:50:39.905858+00:00,Chambre,chambre1,Sous le lit
1207,1,2.5300000000000002,2022-06-23 12:50:44.894284+00:00,Salon,sejour,Canapé
1208,2,11.53,2022-06-23 12:50:44.922296+00:00,Chambre,chambre1,Sous le lit
1209,1,23.54,2022-06-23 12:50:49.902098+00:00,Salon,sejour,Canapé
1210,2,22.04,2022-06-23 12:50:49.925829+00:00,Chambre,chambre1,Sous le lit
1211,1,19.14,2022-06-23 12:50:54.911188+00:00,Salon,sejour,Canapé
1212,2,4.59,2022-06-23 12:50:55.005700+00:00,Chambre,chambre1,Sous le lit
1213,1,27.67,2022-06-23 12:50:59.916229+00:00,Salon,sejour,Canapé
1214,2,27.99,2022-06-23 12:50:59.929363+00:00,Chambre,chambre1,Sous le lit
1215,1,11.35,2022-06-23 12:51:04.916685+00:00,Salon,sejour,Canapé
1216,2,22.59,2022-06-23 12:51:04.943056+00:00,Chambre,chambre1,Sous le lit
1217,1,20.05,2022-06-23 12:51:09.924196+00:00,Salon,sejour,Canapé
1218,2,24.85,2022-06-23 12:51:09.947762+00:00,Chambre,chambre1,Sous le lit
1219,1,26.64,2022-06-23 12:51:14.943344+00:00,Salon,sejour,Canapé
1220,2,3.96,2022-06-23 12:51:14.969110+00:00,Chambre,chambre1,Sous le lit
1221,1,3.63,2022-06-23 12:51:19.958529+00:00,Salon,sejour,Canapé
1222,2,15.05,2022-06-23 12:51:19.986939+00:00,Chambre,chambre1,Sous le lit
1223,1,9.85,2022-06-23 12:51:24.950651+00:00,Salon,sejour,Canapé
1224,2,10.55,2022-06-23 12:51:24.974769+00:00,Chambre,chambre1,Sous le lit
1225,1,7.99,2022-06-23 12:51:29.978747+00:00,Salon,sejour,Canapé
1226,2,24.74,2022-06-23 12:51:30.000824+00:00,Chambre,chambre1,Sous le lit
1227,1,26.01,2022-06-23 12:51:34.985568+00:00,Salon,sejour,Canapé
1228,2,23.02,2022-06-23 12:51:35.010485+00:00,Chambre,chambre1,Sous le lit
1229,1,0.39,2022-06-23 12:51:39.987141+00:00,Salon,sejour,Canapé
1230,2,18.33,2022-06-23 12:51:40.013652+00:00,Chambre,chambre1,Sous le lit
1231,1,0.34,2022-06-23 12:51:44.977236+00:00,Salon,sejour,Canapé
1232,2,16.03,2022-06-23 12:51:45.001567+00:00,Chambre,chambre1,Sous le lit
1233,1,4.08,2022-06-23 12:51:49.988946+00:00,Salon,sejour,Canapé
1234,2,28.42,2022-06-23 12:51:50.009475+00:00,Chambre,chambre1,Sous le lit
1235,1,18.43,2022-06-23 12:51:54.995073+00:00,Salon,sejour,Canapé
1236,2,19.14,2022-06-23 12:51:55.022483+00:00,Chambre,chambre1,Sous le lit
1237,1,26.23,2022-06-23 12:52:00.002895+00:00,Salon,sejour,Canapé
1238,2,4.35,2022-06-23 12:52:00.035034+00:00,Chambre,chambre1,Sous le lit
1239,1,9.03,2022-06-23 12:52:05.000528+00:00,Salon,sejour,Canapé
1240,2,1.55,2022-06-23 12:52:05.019483+00:00,Chambre,chambre1,Sous le lit
1241,1,17.23,2022-06-23 12:52:10.011705+00:00,Salon,sejour,Canapé
1242,2,18.5,2022-06-23 12:52:10.047643+00:00,Chambre,chambre1,Sous le lit
1243,1,26.57,2022-06-23 12:52:15.030676+00:00,Salon,sejour,Canapé
1244,2,22.19,2022-06-23 12:52:15.059314+00:00,Chambre,chambre1,Sous le lit
1245,1,0.0,2022-06-23 12:52:20.026260+00:00,Salon,sejour,Canapé
1246,2,5.91,2022-06-23 12:52:20.050211+00:00,Chambre,chambre1,Sous le lit
1247,1,19.66,2022-06-23 12:52:25.036089+00:00,Salon,sejour,Canapé
1248,2,3.68,2022-06-23 12:52:25.060102+00:00,Chambre,chambre1,Sous le lit
1249,1,28.35,2022-06-23 12:52:30.044340+00:00,Salon,sejour,Canapé
1250,2,4.2,2022-06-23 12:52:30.067519+00:00,Chambre,chambre1,Sous le lit
1251,1,7.9399999999999995,2022-06-23 12:52:35.045574+00:00,Salon,sejour,Canapé
1252,2,10.6,2022-06-23 12:52:35.067718+00:00,Chambre,chambre1,Sous le lit
1253,1,28.75,2022-06-23 12:52:40.061447+00:00,Salon,sejour,Canapé
1254,2,25.04,2022-06-23 12:52:40.087529+00:00,Chambre,chambre1,Sous le lit
1255,1,16.1,2022-06-23 12:52:45.072436+00:00,Salon,sejour,Canapé
1256,2,21.94,2022-06-23 12:52:45.102704+00:00,Chambre,chambre1,Sous le lit
1257,1,26.7,2022-06-23 12:52:50.070604+00:00,Salon,sejour,Canapé
1258,2,13.57,2022-06-23 12:52:50.095428+00:00,Chambre,chambre1,Sous le lit
1259,1,8.13,2022-06-23 12:52:55.072234+00:00,Salon,sejour,Canapé
1260,2,11.41,2022-06-23 12:52:55.098573+00:00,Chambre,chambre1,Sous le lit
1261,1,27.69,2022-06-23 12:53:00.082025+00:00,Salon,sejour,Canapé
1262,2,4.92,2022-06-23 12:53:00.104782+00:00,Chambre,chambre1,Sous le lit
1263,1,23.49,2022-06-23 12:53:05.088674+00:00,Salon,sejour,Canapé
1264,2,20.42,2022-06-23 12:53:05.104807+00:00,Chambre,chambre1,Sous le lit
1265,1,8.32,2022-06-23 12:53:10.093345+00:00,Salon,sejour,Canapé
1266,2,11.0,2022-06-23 12:53:10.116507+00:00,Chambre,chambre1,Sous le lit
1267,1,16.16,2022-06-23 12:53:15.106515+00:00,Salon,sejour,Canapé
1268,2,2.38,2022-06-23 12:53:15.131362+00:00,Chambre,chambre1,Sous le lit
1269,1,27.47,2022-06-23 12:53:20.112800+00:00,Salon,sejour,Canapé
1270,2,1.3900000000000001,2022-06-23 12:53:20.135642+00:00,Chambre,chambre1,Sous le lit
1271,1,10.18,2022-06-23 12:53:25.118220+00:00,Salon,sejour,Canapé
1272,2,3.03,2022-06-23 12:53:25.140828+00:00,Chambre,chambre1,Sous le lit
1273,1,8.67,2022-06-23 12:53:30.124842+00:00,Salon,sejour,Canapé
1274,2,15.93,2022-06-23 12:53:30.150823+00:00,Chambre,chambre1,Sous le lit
1275,1,21.21,2022-06-23 12:53:35.130458+00:00,Salon,sejour,Canapé
1276,2,23.42,2022-06-23 12:53:35.157120+00:00,Chambre,chambre1,Sous le lit
1277,1,16.25,2022-06-23 12:53:40.134842+00:00,Salon,sejour,Canapé
1278,2,6.37,2022-06-23 12:53:40.160434+00:00,Chambre,chambre1,Sous le lit
1279,1,29.85,2022-06-23 12:53:45.166968+00:00,Salon,sejour,Canapé
1280,2,11.55,2022-06-23 12:53:45.192632+00:00,Chambre,chambre1,Sous le lit
